{ "interface" : {
	"colors" : [
		{
			"id" : "objectified",
			"oncolor" : [165, 190, 0, 1.0],
			"flags" : 1
		},
		{
			"id" : "urgentmessage",
			"oncolor" : [0.463, 0.733, 0.663, 1.0],
			"flags" : 1
		},
		{
			"id" : "lively",
			"oncolor" : [0.592, 0.776, 0.474, 1.0],
			"flags" : 1
		},
		{
			"id" : "verylively",
			"oncolor" : [0.525, 0.839, 0.286, 1.0],
			"flags" : 1
		},
		{
			"id" : "basic",
			"oncolor" : [ 0.749, 0.749, 0.749, 1.0],
			"flags" : 1
		},
		{
			"id" : "buttoned_up",
			"oncolor" : [0.718, 0.827, 0.878, 1.0],
			"flags" : 1
		},
		{
			"id" : "number_one",
			"oncolor" : [0.863, 0.804, 0.392, 1.0],
			"flags" : 1
		},
		{
			"id" : "sliderweb",
			"oncolor" : [0.792, 0.803, 0.565, 1.0],
			"flags" : 1
		},
		{
			"id" : "sidebarblues",
			"oncolor" : [196, 246, 255, 1.0],
			"flags" : 1
		},
		{
			"id" : "darkweb",
			"oncolor" : [0.690, 0.702, 0.474, 1.0],
			"flags" : 1
		},
		{
			"id" : "toolbar_background_active",
			"oncolor" : [ 75, 80, 86, 1.0]
		},
		{
			"id" : "toolbar_background_inactive_old",
			"oncolor" : [ 135, 140, 146, 1.0]
		},
		{
			"id" : "toolbar_background_inactive",
			"oncolor" : [ 117, 122, 129, 1.0]
		},
		{
			"id" : "toolbar_disabled_active",
			"oncolor" : [ 114, 118, 124, 1.0]
		},
		{
			"id" : "toolbar_disabled_inactive_old",
			"oncolor" : [ 156, 161, 171, 1.0]
		},
		{
			"id" : "toolbar_disabled_inactive",
			"oncolor" : [ 130, 136, 140, 1.0]
		},
		{
			"id" : "toolbar_enabled_off",
			"oncolor" : [233, 233, 233, 1.0]
		},
		{
			"id" : "toolbar_enabled_on",
			"oncolor" : [221, 250, 26, 1.0]
		},
		{
			"id" : "electricblue",
			"oncolor" : [221, 250, 26, 1.0]
		},
		{
			"id" : "audiocolor",
			"oncolor" : [110, 219, 255, 1.0],
			"flags" : 1
		},
		{
			"id" : "local_audiocolor",
			"oncolor" : [255, 169, 103, 1.0]
		},
		{
			"id" : "favicolor",
			"oncolor" : [209, 224, 156, 1.0],
			"flags" : 1
		},
		{
			"id" : "dirtygreen",
			"oncolor" : [212, 203, 185, 1.0]
		},
		{
			"id" : "parchmentbright",
			"oncolor" : [255,228,148, 1.0],
			"offcolor" : [223,216,196, 1.0]
		},
		{
			"id" : "parchment",
			"oncolor" : [255,228,148, 1.0],
			"offcolor" : [233, 233, 233, 1.0]
 		},
		{
			"id" : "parchment_dull",
			"oncolor" : [185,179,161, 1.0]
		},
		{
			"id" : "caption_background",
			"oncolor" : [107,113,123, 1.0]
		},
		{
			"id" : "browser_background",
			"oncolor" : [106,108,113, 1.0]
		},
		{
			"id" : "transport_green",
			"oncolor" : [159,188,123, 1.0]
		},
		{
			"id" : "patcherbrowser_results_selected",
			"oncolor" : [99, 157, 195, 1.0]
		},
		{
			"id" : "patcherbrowser_results_background",
			"oncolor" : [106,108,113, 1.0]
		},
		{
			"id" : "patcherbrowser_results_textcolor",
			"oncolor" : [220, 222, 224, 1.0]
		},
		{
			"id" : "patcherbrowser_results_darkrowbg",
			"oncolor" : [115, 115, 118, 1.0]
		},
		{
			"id" : "patcherbrowser_results_lightrowbg",
			"oncolor" : [135, 138, 138, 1.0]
		},
		{
			"id" : "formatpalette_background",
			"oncolor" : [ 106, 108, 113, 1.0],
			"offcolor" : [ 100, 102, 105, 1.0]
		},
		{
			"id" : "formatpalette_disabledtext",
			"oncolor" : [ 131, 135, 139, 1.0]
		},
		{
			"id" : "formatpalette_inherited",
			"oncolor" : [ 130, 138, 154, 1.0]
		},
		{
			"id" : "patcher_io_unconnected",
			"oncolor" : [ 192, 194, 196, 1.0]
		},
		{
			"id" : "patcher_io_connected_outside",
			"oncolor" : [ 166, 170, 169, 1.0]
		},
		{
			"id" : "patcher_io_connected_inside",
			"oncolor" : [ 0, 0, 0, 1.0]
		},
		{
			"id" : "patcher_box_selection",
			"oncolor" : [ 77, 159, 230, 1.0],
			"offcolor" : [ 52, 121, 199, 1.0]
		},
		{
			"id" : "patcher_hot_inlet",
			"oncolor" : [ 255, 183, 168, 1.0],
			"offcolor" : [ 255, 147, 127, 1.0]
		},
		{
			"id" : "patcher_cool_inlet",
			"oncolor" : [ 163, 229, 240, 1.0],
			"offcolor" : [ 105, 220, 240, 1.0]
		},
		{
			"id" : "patcher_outlet",
			"oncolor" : [ 214, 221, 108, 1.0],
			"offcolor" : [ 226, 239, 5, 1.0]
		},
		{
			"id" : "patcher_inactive_tab",
			"oncolor" : [ 127, 135, 145, 1.0],
			"offcolor" : [106, 112, 121, 1.0]
		},
		{
			"id" : "patcher_active_tab",
			"oncolor" : [ 106, 112, 121, 1.0],
			"offcolor" : [ 83, 88, 95, 1.0]
		},
		{
			"id" : "patcher_circle_fill",
			"oncolor" : [ 208, 213, 84, 1.0]
		},
		{
			"id" : "patcher_circle_outline",
			"oncolor" : [ 87, 87, 76, 1.0]
		},
		{
			"id" : "transform_header",
			"oncolor" : [ 106, 209, 255, 1.0]
		},
		{
			"id" : "objectprototypes_header",
			"oncolor" : [ 106, 209, 255, 1.0]
		},
		{
			"id" : "objectfiles_header",
			"oncolor" : [ 255, 146, 46, 1.0]
		},
		{
			"id" : "quickref_message_header",
			"oncolor" : [ 108, 187, 176, 1.0]
		},
		{
			"id" : "quickref_attribute_header",
			"oncolor" : [ 216, 186, 99, 1.0]
		},
		{
			"id" : "standardappletexthilite",
			"oncolor" : [ 182, 214, 253, 1.0]
		},
		{
			"id" : "lesson_button_background",
			"oncolor" : [ 135, 138, 138, 1.0]
		},
		{
			"id" : "lesson_range",
			"oncolor" : [ 204, 251, 114, 0.68]
		},
		{
			"id" : "lesson_play",
			"oncolor" : [ 159, 228, 46, 1.0]
		},
		{
			"id" : "lessonbrowser_row1_background",
			"oncolor" : [ 98, 103, 113, 1.0]
		},
		{
			"id" : "lessonbrowser_row2_background",
			"oncolor" : [ 110, 115, 122, 1.0]
		},
		{
			"id" : "patcher_tinge_object",
			"oncolor" : [ 228, 233, 121, 1.0]
		},
		{
			"id" : "patcher_tinge_hilite",
			"oncolor" : [ 183, 253, 253, 1.0]
		},
		{
			"id" : "lesson_text_hilite",
			"oncolor" : [ 231, 255, 33, 1.0]
		},
		{
			"id" : "calendar_success",
			"oncolor" : [ 173, 194, 87, 1.0]
		},
		{
			"id" : "calendar_activity",
			"oncolor" : [ 95, 101, 111, 1.0]
		},
		{
			"id" : "calendar_menu_header",
			"oncolor" : [ 181, 186, 188, 1.0]
		},
		{
			"id" : "calendar_stripe2",
			"oncolor" : [ 97, 99, 105, 1.0]
		},
		{
			"id" : "object_bogus_color",
			"oncolor" : [ 155, 125, 107, 1.0],
			"offcolor" : [188, 156, 119, 1.0]
		},
		{
			"id" : "yellowpin",
			"oncolor" : [ 255, 251, 205, 1.0]
		},
		{
			"id" : "lesson_inprogress",
			"oncolor" : [ 159, 228, 233, 1.0]
		},
		{
			"id" : "lesson_todo",
			"oncolor" : [ 209, 209, 209, 1.0]
		},
		{
			"id" : "lesson_started",
			"oncolor" : [ 170, 184, 194, 1.0]
		},
		{
			"id" : "inspector_background",
			"oncolor" : [ 98, 99, 100, 1.0]
		},
		{
			"id" : "refbar_stripe2",
			"oncolor" : [ 103, 104, 105, 1.0]
		},
		{
			"id" : "inspector_tab",
			"oncolor" : [ 225, 231, 115, 1.0]
		},
		{
			"id" : "inspector_selectedrow",
			"oncolor" : [ 137, 159, 188, 1.0]
		},
		{
			"id" : "inspector_texteditor_background",
			"oncolor" : [ 255, 248, 255, 1.0]
		},
		{
			"id" : "inspector_selection",
			"oncolor" : [ 183, 215, 251, 1.0]
		},
		{
			"id" : "inspector_menuheader",
			"oncolor" : [ 222, 225, 194, 1.0]
		},
		{
			"id" : "text_editingcolor",
			"oncolor" : [ 180, 211, 247, 1.0]
		},
		{
			"id" : "refbar_details_background",
			"oncolor" : [ 105, 106, 108, 1.0]
		},
		{
			"id" : "refbar_details_linkcolor",
			"oncolor" : [ 191, 210, 251, 1.0]
		},
		{
			"id" : "maxwindow_errorbackground",
			"oncolor" : [ 160, 56, 49, 1.0]
		},
		{
			"id" : "maxwindow_errortext",
			"oncolor" : [ 255, 96, 84, 1.0]
		},
		{
			"id" : "maxwindow_posttext",
			"oncolor" : [ 249, 249, 249, 1.0]
		},
		{
			"id" : "maxwindow_postobject",
			"oncolor" : [ 200, 200, 200, 1.0]
		},
		{
			"id" : "maxwindow_warningtext",
			"oncolor" : [ 253, 215, 7, 1.0]
		},
		{
			"id" : "maxwindow_selection_background",
			"oncolor" : [74, 74, 74, 1.0]
		},
		{
			"id" : "maxwindow_bugtext",
			"oncolor" : [ 0, 234, 253, 1.0]
		},
		{
			"id" : "lesson_step_circle",
			"oncolor" : [ 221, 115, 17, 1.0]
		},
		{
			"id" : "lesson_step_titlebar",
			"oncolor" : [ 124, 125, 128, 1.0]
		},
		{
			"id" : "lesson_step_topgradient",
			"oncolor" : [ 118, 117, 124, 1.0]
		},
		{
			"id" : "lesson_step_bottomgradient",
			"oncolor" : [ 65, 64, 67, 1.0]
		},
		{
			"id" : "lesson_step_border",
			"oncolor" : [ 202, 195, 198, 1.0]
		},
		{
			"id" : "formatpalette_renamer_background",
			"oncolor" : [ 106, 108, 113, 1.0]
		},
		{
			"id" : "presentation_frame",
			"oncolor" : [ 129, 63, 91, 0.24]
		},
		{
			"id" : "assistance_background",
			"oncolor" : [ 215, 213, 203, 0.94]
		},
		{
			"id" : "assistance_text",
			"oncolor" : [ 43, 43, 43, 1.0]
		},
		{
			"id" : "iceice",
			"oncolor" : [ 144, 220, 255, 1.0 ],
			"offcolor" : [233, 233, 233, 1.0]
		},
		{
			"id" : "wolfsburg",
			"oncolor" : [ 238, 175, 165, 1.0 ],
			"offcolor" : [233, 233, 233, 1.0]
		},
		{
			"id" : "alignmentguide",
			"oncolor" : [ 188, 119, 56, 1.0 ]
		},
		{
			"id" : "projectwindow_background",
			"oncolor" : [ 109, 111, 112, 1.0 ]
		},
		{
			"id" : "projectwindow_divider",
			"oncolor" : [ 145, 146, 149, 1.0 ]
		},
		{
			"id" : "plugintoolbar_header_background",
			"oncolor" : [102, 101, 106, 1.0]
		},
		{
			"id" : "plugintoolbar_background",
			"oncolor" : [113, 114, 121, 1.0]
		},
		{
			"id" : "colorpopup_bright_background",
			"oncolor" : [140, 140, 140, 1.0]
		},
		{
			"id" : "colorpopup_bright_selected",
			"oncolor" : [220, 220, 220, 1.0]
		},
		{
			"id" : "mute_on",
			"oncolor" : [59, 143, 255, 1.0],
			"flags" : 1
		},
		{
			"id" : "solo_on",
			"oncolor" : [255, 74, 105, 1.0],
			"flags" : 1
		},
		{
			"id" : "clue_system_background",
			"oncolor" : [250, 255, 206, 1.0]
		},
		{
			"id" : "clue_user_background",
			"oncolor" : [255, 227, 167, 1.0]
		},
		{
			"id" : "clue_text",
			"oncolor" : [0, 0, 0, 1.0]
		},
		{
			"id" : "box_selection_background",
			"oncolor" : [211, 211, 211, 0.5]
		},
		{
			"id" : "pattrstorage_active",
			"oncolor" : [149, 174, 44, 1.]
		},
		{
			"id" : "comment_outline",
			"oncolor" : [128, 128, 128, 0.5]
		},
		{
			"id" : "lesson_remote",
			"oncolor" : [151, 151, 151, 1.]
		},
		{
			"id" : "lesson_downloading",
			"oncolor" : [171, 141, 191, 1.]
		},
		{
			"id" : "colortab1",
			"oncolor" : [172, 178, 74, 1.]
		},
		{
			"id" : "colortab2",
			"oncolor" : [226, 123, 224, 1.]
		},
		{
			"id" : "colortab3",
			"oncolor" : [20, 189, 170, 1.]
		},
		{
			"id" : "colortab4",
			"oncolor" : [85, 171, 217, 1.]
		},
		{
			"id" : "colortab5",
			"oncolor" : [227, 87, 82, 1.]
		},
		{
			"id" : "colortab6",
			"oncolor" : [126, 168, 166, 1.]
		},
		{
			"id" : "colortab7",
			"oncolor" : [150, 205, 74, 1.]
		},
		{
			"id" : "colortab8",
			"oncolor" : [237, 108, 47, 1.]
		},
		{
			"id" : "colortab9",
			"oncolor" : [181, 102, 220, 1.]
		},
		{
			"id" : "colortab10",
			"oncolor" : [4, 150, 243, 1.]
		}
	],
	"commands" : [
		{
			"message" : "about",
			"label" : "About Max",
			"navkey" : "A",
			"target" : "max"
		},
		{
			"message" : "customabout",
			"label" : "About Max",
			"navkey" : "A",
			"target" : "menubar"
		},
		{
			"message" : "preferences",
			"label" : "Preferences...",
			"target" : "max",
			"shortcut" : "\u002C"
		},
		{
			"message" : "newjpatcher",
			"label" : "New Patcher",
			"navkey" : "P",
			"target" : "max",
			"shortcut" : "N"
		},
		{
			"message" : "customnew",
			"label" : "New",
			"navkey" : "N",
			"target" : "menubar",
			"shortcut_mac" : "N"
		},
		{
			"message" : "newproj",
			"label" : "New Project",
			"navkey" : "j",
			"target" : "max"
		},
		{
			"message" : "newfilebrowser",
			"label" : "Show File Browser",
			"navkey" : "b",
			"shortcut" : "B",
			"target" : "max"
		},
		{
			"message" : "packagebrowser",
			"label" : "Show Package Manager",
			"target" : "max"
		},
		{
			"message" : "newtext",
			"label" : "New Text",
			"navkey" : "T",
			"target" : "max",
			"shortcut" : "shift+N"
		},
		{
			"message" : "runtime_newtext",
			"label" : "New Text",
			"navkey" : "T",
			"target" : "max",
			"shortcut" : "shift+N"
		},
		{
			"message" : "newtable",
			"label" : "Table",
			"navkey" : "e",
			"target" : "max"
		},
		{
			"message" : "template",
			"label" : "",
			"target" : "max",
			"enummsg" : "listtemplates",
			"enumtarget" : "max"
		},
		{
			"message" : "openparents",
			"label" : "",
			"target" : "owner",
			"enummsg" : "listparents",
			"enumtarget" : "owner"
		},
		{
			"message" : "newfromclipboard",
			"label" : "New From Clipboard",
			"target" : "max",
			"shortcut" : "option+N"
		},
		{
			"message" : "jopen",
			"label" : "Open...",
			"navkey" : "O",
			"target" : "max",
			"shortcut" : "O"
		},
		{
			"message" : "customopen",
			"label" : "Open...",
			"navkey" : "O",
			"target" : "menubar",
			"shortcut" : "O"
		},
		{
			"message" : "openastext",
			"label" : "Open As Text...",
			"navkey" : "T",
			"target" : "max"
		},
		{
			"message" : "openrecent",
			"label" : "Open Recent Patcher",
			"navkey" : "R",
			"target" : "max",
			"enummsg" : "listrecent",
			"enumtarget" : "max",
			"flags" : 8
		},
		{
			"message" : "openrecentproject",
			"label" : "Open Recent Project",
			"navkey" : "J",
			"target" : "max",
			"enummsg" : "listrecentprojects",
			"enumtarget" : "max",
			"flags" : 8
		},
		{
			"message" : "close",
			"label" : "Close",
			"navkey" : "C",
			"target" : "window",
			"shortcut" : "W"
		},
		{
			"message" : "allowmod",
			"label" : "Modify Read-Only",
			"target" : "owner",
			"shortcut" : "option+M",
			"icon" : "pencil.svg"
		},
		{
			"message" : "windsave",
			"label" : "Save",
			"navkey" : "S",
			"target" : "owner",
			"shortcut" : "S"
		},
		{
			"message" : "windsaveas",
			"label" : "Save As...",
			"navkey" : "a",
			"target" : "owner",
			"shortcut" : "shift+S"
		},
		{
			"message" : "windsaveasproject",
			"label" : "Save As Project...",
			"target" : "owner"
		},
		{
			"message" : "saveastemplate",
			"label" : "Create Template...",
			"target" : "owner"
		},
		{
			"message" : "customsave",
			"label" : "Save",
			"navkey" : "S",
			"target" : "menubar",
			"shortcut" : "S"
		},
		{
			"message" : "customsaveas",
			"label" : "Save As...",
			"navkey" : "a",
			"target" : "menubar",
			"shortcut" : "shift+S"
		},
		{
			"message" : "savecoll",
			"label" : "Build Collective / Application...",
			"navkey" : "L",
			"target" : "owner"
		},
		{
			"message" : "exportamxd",
			"label" : "Export Max for Live Device...",
			"target" : "owner"
		},
		{
			"message" : "midisetup",
			"label" : "MIDI Setup...",
			"navkey" : "M",
			"target" : "max"
		},
		{
			"message" : "backtomax",
			"label" : "Max Menus",
			"target" : "menubar"
		},
		{
			"message" : "pagesetup",
			"label" : "Page Setup...",
			"navkey" : "u",
			"target" : "window"
		},
		{
			"message" : "print",
			"label" : "Print...",
			"navkey" : "P",
			"target" : "owner",
			"shortcut" : "P"
		},
		{
			"message" : "exportimage",
			"label" : "Export Image...",
			"navkey" : "E",
			"target" : "owner"
		},
		{
			"message" : "listfiles",
			"label" : "List Externals and Subpatcher Files",
			"target" : "owner"
		},
		{
			"message" : "quit",
			"label_mac" : "Quit",
			"label_windows" : "Exit",
			"navkey" : "x",
			"target" : "max",
			"shortcut" : "Q"
		},
		{
			"message" : "undo",
			"label" : "Undo",
			"navkey" : "U",
			"target" : "owner",
			"shortcut" : "Z"
		},
		{
			"message" : "redo",
			"label" : "Redo",
			"navkey" : "o",
			"target" : "owner",
			"shortcut_mac" : "shift+Z",
			"shortcut_windows" : "Y"
		},
		{
			"message" : "cut",
			"label" : "Cut",
			"navkey" : "t",
			"target" : "owner",
			"shortcut" : "X"
		},
		{
			"message" : "copy",
			"label" : "Copy",
			"navkey" : "C",
			"target" : "owner",
			"shortcut" : "C"
		},
		{
			"message" : "copycompressed",
			"label" : "Copy Compressed",
			"target" : "owner"
		},
		{
			"message" : "paste",
			"label" : "Paste",
			"navkey" : "P",
			"target" : "owner",
			"shortcut" : "V"
		},
		{
			"message" : "contextualpaste",
			"label" : "Paste",
			"target" : "owner"
		},
		{
			"message" : "clr",
			"label" : "Delete",
			"navkey" : "l",
			"target" : "owner",
			"shortcut_windows" : "del"
		},
		{
			"message" : "linedisable",
			"label" : "Disable Patch Cord",
			"target" : "owner"
		},
		{
			"message" : "lineenable",
			"label" : "Enable Patch Cord",
			"target" : "owner"
		},
		{
			"message" : "dup",
			"label" : "Duplicate",
			"navkey" : "D",
			"target" : "owner",
			"shortcut" : "D"
		},
		{
			"message" : "selectall",
			"label" : "Select All",
			"navkey" : "A",
			"target" : "owner",
			"shortcut" : "A"
		},
		{
			"message" : "clearsomespace",
			"label" : "Clear Some Space",
			"target" : "owner"
		},
		{
			"message" : "selectconnected",
			"label" : "Select Connected",
			"target" : "owner"
		},
		{
			"message" : "pastepic",
			"label" : "Paste Picture",
			"navkey" : "i",
			"target" : "owner"
		},
		{
			"message" : "pastereplace",
			"label" : "Paste Replace",
			"navkey" : "e",
			"target" : "owner",
			"shortcut" : "option+V"
		},
		{
			"message" : "encapsulate",
			"label" : "Encapsulate",
			"target" : "owner",
			"shortcut" : "shift+E"
		},
		{
			"message" : "deencapsulate",
			"label" : "De-encapsulate",
			"target" : "owner",
			"shortcut" : "shift+D"
		},
		{
			"message" : "scale",
			"label" : "Scale...",
			"target" : "owner"
		},
		{
			"message" : "scalespace",
			"label" : "Scale Spacing...",
			"target" : "owner"
		},
		{
			"message" : "find",
			"label" : "Find...",
			"navkey" : "F",
			"target" : "owner",
			"shortcut" : "F",
			"icon" : "search.svg"
		},
		{
			"message" : "findnext",
			"label" : "Find Next",
			"navkey_mac" : "G",
			"target" : "owner",
			"shortcut_mac" : "G",
			"shortcut_windows" : "F3"
		},
		{
			"message" : "findprev",
			"label" : "Find Previous",
			"target" : "owner",
			"shortcut_mac" : "shift+G",
			"shortcut_windows" : "shift+F3"
		},
		{
			"message" : "resume",
			"label" : "Resume",
			"navkey" : "m",
			"target" : "max",
			"shortcut" : "R"
		},
		{
			"message" : "stopscheduler",
			"label" : "Stop Scheduler",
			"target" : "max",
			"shortcut" : "."
		},
		{
			"message" : "newview",
			"label" : "New View",
			"navkey" : "N",
			"target" : "owner"
		},
		{
			"message" : "edit",
			"label" : "Edit",
			"navkey" : "E",
			"target" : "owner",
			"shortcut" : "E",
			"flags" : 3,
			"icon" : "lock.svg",
			"downicon" : "unlock.svg",
			"caption" : "Unlock",
			"downcaption" : "Lock"
		},
		{
			"message" : "presentation",
			"label" : "Presentation",
			"target" : "owner",
			"icon" : "presentation.svg",
			"caption" : "Presentation Mode",
			"downcaption" : "Patching Mode",
			"shortcut" : "option+E",
			"flags" : 3
		},
		{
			"message" : "patcherinspector",
			"label" : "Patcher Inspector",
			"target" : "owner"
		},
		{
			"message" : "showparameters",
			"label" : "Parameters",
			"target" : "owner"
		},
		{
			"message" : "showconnections",
			"label" : "Show Connections",
			"navkey" : "C",
			"target" : "owner",
			"invmsg" : "hideconnections",
			"invlabel" : "Hide Connections"
		},
		{
			"message" : "showfg",
			"label" : "Show Foreground",
			"target" : "owner",
			"invmsg" : "hidefg",
			"invlabel" : "Hide Foreground"
		},
		{
			"message" : "showbg",
			"label" : "Show Background",
			"target" : "owner",
			"invmsg" : "hidebg",
			"invlabel" : "Hide Background"
		},
		{
			"message" : "lockbg",
			"label" : "Lock Background",
			"shortcut" : "option+L",
			"target" : "owner",
			"flags" : 3
		},
		{
			"message" : "showcpuusage",
			"label" : "Show CPU Usage",
			"target" : "owner",
			"flags" : 3
		},
		{
			"message" : "grid",
			"label" : "Grid",
			"target" : "owner",
			"flags" : 3,
			"icon" : "grid.svg",
			"caption" : "Show Grid",
			"downcaption" : "Hide Grid"
		},
		{
			"message" : "snaptogrid",
			"label" : "Snap to Grid",
			"target" : "owner",
			"flags" : 3,
			"icon" : "snap.svg",
			"downicon" : "snap_on.svg",
			"caption" : "Enable Snap to Grid",
			"downcaption" : "Disable Snap to Grid",
			"shortcut" : "option+G"
		},
		{
			"message" : "snaptoobjects",
			"label" : "Snap to Objects",
			"target" : "owner",
			"flags" : 3,
			"caption" : "Enable Snap to Objects",
			"downcaption" : "Disable Snap to Objects"
		},
		{
			"message" : "showbookmarksbar",
			"label" : "Bookmarks Bar",
			"target" : "owner",
			"flags" : 3
		},
		{
			"message" : "showtoolbar",
			"label" : "Toolbar",
			"target" : "owner",
			"flags" : 3,
			"shortcut" : "8"
		},
		{
			"message" : "initialposition",
			"label" : "Initial Window Location",
			"target" : "owner"
		},
		{
			"message" : "defineinitialposition",
			"label" : "Define Fixed Initial Window Location",
			"target" : "owner"
		},
		{
			"message" : "clearinitialposition",
			"label" : "Clear Initial Window Location",
			"target" : "owner"
		},
		{
			"message" : "definedevicewidth",
			"label" : "Set Device Width",
			"target" : "owner"
		},
		{
			"message" : "cleardevicewidth",
			"label" : "Clear Device Width",
			"target" : "owner"
		},
		{
			"message" : "navigate",
			"label" : "Navigate Zoom",
			"target" : "owner",
			"icon" : "navigate.svg",
			"caption" : "Zoom"
		},
		{
			"message" : "objectpalette",
			"label" : "Show Object Explorer",
			"target" : "owner",
			"shortcut" : "shift+O",
			"icon" : "plus.svg",
			"caption" : "Show Object Explorer"
		},
		{
			"message" : "newobject",
			"label" : "New Object",
			"target" : "owner",
			"icon" : "plus.svg",
			"caption" : "New Object"
		},
		{
			"message" : "fixwidth",
			"label" : "Fix Width",
			"navkey" : "W",
			"target" : "owner",
			"shortcut" : "J"
		},
		{
			"message" : "lineup",
			"label" : "Align",
			"navkey" : "A",
			"target" : "owner"
		},
		{
			"message" : "align_auto",
			"label" : "Auto Align",
			"navkey" : "A",
			"target" : "owner",
			"shortcut_mac" : "Y",
			"shortcut_windows" : "shift+A"
		},
		{
			"message" : "align_left",
			"label" : "Left",
			"target" : "owner"
		},
		{
			"message" : "align_center",
			"label" : "Center",
			"target" : "owner"
		},
		{
			"message" : "align_right",
			"label" : "Right",
			"target" : "owner"
		},
		{
			"message" : "align_top",
			"label" : "Top",
			"target" : "owner"
		},
		{
			"message" : "align_middle",
			"label" : "Middle",
			"target" : "owner"
		},
		{
			"message" : "align_bottom",
			"label" : "Bottom",
			"target" : "owner"
		},
		{
			"message" : "distribute_horizontally",
			"label" : "Horizontally",
			"target" : "owner",
			"shortcut" : "option+D"
		},
		{
			"message" : "distribute_vertically",
			"label" : "Vertically",
			"target" : "owner",
			"shortcut" : "shift+option+D"
		},
		{
			"message" : "route",
			"label" : "Route Patch Cords",
			"target" : "owner",
			"shortcut_mac" : "shift+Y",
			"shortcut_windows" : "shift+Y"
		},
		{
			"message" : "lineupconnections",
			"label" : "Align Connections",
			"target" : "owner",
			"shortcut_mac" : "option+Y"
		},
		{
			"message" : "removesegments",
			"label" : "Remove All Segments",
			"target" : "owner"
		},
		{
			"message" : "dialog",
			"label" : "Inspector Window",
			"navkey" : "G",
			"target" : "owner",
			"icon" : "dialog.svg",
			"shortcut" : "shift+I"
		},
		{
			"message" : "dialogsidebar",
			"label" : "Inspector",
			"navkey" : "G",
			"target" : "owner",
			"icon" : "dialog.svg",
			"color" : "sidebarblues",
			"caption" : "Inspector",
			"downcaption" : "Close Inspector",
			"shortcut" : "I"
		},
		{
			"message" : "colorpopup",
			"label" : "Color...",
			"navkey" : "C",
			"target" : "owner"
		},
		{
			"message" : "wobjectname",
			"label" : "Name...",
			"navkey" : "N",
			"target" : "owner",
			"shortcut" : "'"
		},
		{
			"message" : "wobjectimage",
			"label" : "Imageburger...",
			"navkey" : "e",
			"target" : "owner"
		},
		{
			"message" : "copyattribute",
			"label" : "Copy Attribute",
			"target" : "owner"
		},
		{
			"message" : "setdefaults",
			"label" : "Set to Default Values",
			"target" : "owner"
		},
		{
			"message" : "defaults",
			"label" : "Object Defaults...",
			"target" : "max"
		},
		{
			"message" : "hide",
			"label" : "Hide on Lock",
			"navkey" : "H",
			"target" : "owner",
			"shortcut" : "K"
		},
		{
			"message" : "show",
			"label" : "Show on Lock",
			"navkey" : "S",
			"target" : "owner",
			"shortcut" : "L"
		},
		{
			"message" : "bfront",
			"label" : "Bring to Front",
			"navkey" : "F",
			"target" : "owner",
			"shortcut" : "shift+F"
		},
		{
			"message" : "forward",
			"label" : "Bring Forward",
			"target" : "owner",
			"icon" : "forward.svg",
			"caption" : "Bring Forward",
			"shortcut" : "shift+option+F"
		},
		{
			"message" : "back",
			"label" : "Send to Back",
			"navkey" : "B",
			"target" : "owner",
			"shortcut" : "shift+B"
		},
		{
			"message" : "backward",
			"label" : "Send Backward",
			"target" : "owner",
			"shortcut" : "shift+option+B",
			"icon" : "backward.svg",
			"caption" : "Send Backward"
		},
		{
			"message" : "ignoreclick",
			"label" : "Ignore Click",
			"navkey" : "I",
			"target" : "owner"
		},
		{
			"message" : "respondtoclick",
			"label" : "Respond to Click",
			"navkey" : "R",
			"target" : "owner"
		},
		{
			"message" : "includebg",
			"label" : "Include in Background",
			"navkey" : "l",
			"target" : "owner"
		},
		{
			"message" : "excludebg",
			"label" : "Remove from Background",
			"navkey" : "m",
			"target" : "owner"
		},
		{
			"message" : "addtopresentation",
			"label" : "Add to Presentation",
			"shortcut" : "shift+P",
			"target" : "owner"
		},
		{
			"message" : "removefrompresentation",
			"label" : "Remove from Presentation",
			"shortcut" : "option+P",
			"target" : "owner"
		},
		{
			"message" : "sendmessage",
			"label" : "Send Message...",
			"target" : "owner"
		},
		{
			"message" : "saveprototype",
			"label" : "Save Prototype...",
			"target" : "owner"
		},
		{
			"message" : "prototype",
			"label" : "Prototype",
			"navkey" : "P",
			"target" : "owner",
			"enummsg" : "listprototypes",
			"enumtarget" : "owner",
			"flags" : 8
		},
		{
			"message" : "prototype2",
			"label" : "Prototype",
			"navkey" : "P",
			"target" : "owner",
			"enummsg" : "listprototypes",
			"enumtarget" : "owner",
			"flags" : 8
		},
		{
			"message" : "prototype3",
			"label" : "Prototype",
			"navkey" : "P",
			"target" : "owner",
			"enummsg" : "listprototypes",
			"enumtarget" : "owner",
			"flags" : 8
		},
		{
			"message" : "newgroup",
			"label" : "Group Objects",
			"target" : "owner"
		},
		{
			"message" : "freegroup",
			"label" : "Ungroup Objects",
			"target" : "owner"
		},
		{
			"message" : "savesnippet",
			"label" : "Save Snippet",
			"target" : "owner"
		},
		{
			"message" : "findsnippet",
			"label" : "Find Snippet",
			"target" : "owner"
		},
		{
			"message" : "objectfiles",
			"label" : "Files",
			"target" : "owner",
			"enummsg" : "objectfiles_enumerate",
			"enumtarget" : "owner",
			"flags" : 8
		},
		{
			"message" : "choosecoverimage",
			"label" : "Choose Cover Image...",
			"target" : "owner"
		},
		{
			"message" : "objectprototypes",
			"label" : "Prototypes",
			"target" : "owner",
			"enummsg" : "objectprototypes_enumerate",
			"enumtarget" : "owner",
			"flags" : 8
		},
		{
			"message" : "styles",
			"label" : "Style",
			"target" : "owner",
			"enummsg" : "styles_enumerate",
			"enumtarget" : "owner",
			"flags" : 8200
		},
		{
			"message" : "outletheader",
			"label" : "Outlets",
			"target" : "owner",
			"flags" : 512
		},
		{
			"message" : "showfontpanel",
			"label" : "Show Fonts",
			"target" : "owner",
			"invmsg" : "hidefontpanel",
			"invlabel" : "Hide Fonts",
			"shortcut" : "T"
		},
		{
			"message" : "overdrive",
			"label" : "Overdrive",
			"navkey" : "O",
			"target" : "max",
			"flags" : 1
		},
		{
			"message" : "autofixwidth",
			"label" : "Auto Fix Width",
			"navkey" : "W",
			"target" : "max",
			"flags" : 1
		},
		{
			"message" : "segpatchcords",
			"label" : "Segmented Patch Cords",
			"navkey" : "P",
			"target" : "max",
			"flags" : 1
		},
		{
			"message" : "assistance",
			"label" : "Assistance",
			"navkey" : "s",
			"target" : "max",
			"flags" : 1
		},
		{
			"message" : "floatdisplaycorrection",
			"label" : "Float Display Correction",
			"navkey" : "t",
			"target" : "max",
			"flags" : 1
		},
		{
			"message" : "maxatstartup",
			"label" : "Max Window At Startup",
			"navkey" : "M",
			"target" : "max",
			"flags" : 1
		},
		{
			"message" : "helpinlockedpatchers",
			"label" : "Help in Locked Patchers",
			"navkey" : "H",
			"target" : "max",
			"flags" : 1
		},
		{
			"message" : "extendedfilepreview",
			"label" : "Extended File Preview",
			"navkey" : "E",
			"target" : "max",
			"flags" : 1
		},
		{
			"message" : "savedialogshowsfilelocation",
			"label" : "Save Dialog Shows File Location",
			"target" : "max",
			"flags" : 1
		},
		{
			"message" : "dspstatus",
			"label" : "Audio Status...",
			"navkey" : "D",
			"target" : "max"
		},
		{
			"message" : "glstatus",
			"label" : "OpenGL Status...",
			"target" : "jitter"
		},
		{
			"message" : "iomap",
			"label" : "I/O Mappings",
			"target" : "dsp",
			"icon" : "iomap.svg",
			"caption" : "I/O Mappings"
		},
		{
			"message" : "driversetup",
			"label" : "Audio Driver Setup",
			"target" : "dsp",
			"icon" : "driversetup.svg",
			"caption" : "Audio Driver Setup"
		},
		{
			"message" : "filepreferences",
			"label" : "File Preferences...",
			"target" : "max"
		},
		{
			"message" : "editor",
			"label" : "",
			"target" : "max",
			"enummsg" : "listeditors",
			"enumtarget" : "max"
		},
		{
			"message" : "traceenable",
			"label" : "Enable Debugging",
			"navkey" : "E",
			"target" : "owner",
			"caption" : "Enable Debugging",
			"downcaption" : "Disable Debugging",
			"icon" : "trace.svg"
		},
		{
			"message" : "showdebugger",
			"label" : "Debugger",
			"navkey" : "D",
			"shortcut_mac" : "shift+option+D",
			"shortcut_windows" : "option+D",
			"target" : "max"
		},
		{
			"message" : "showwiretaps",
			"label" : "Watchpoints",
			"target" : "max"
		},
		{
			"message" : "showwatchpoints",
			"label" : "Show Watchpoints",
			"target" : "max"
		},
		{
			"message" : "tracestep",
			"label" : "Step",
			"navkey" : "t",
			"target" : "max",
			"shortcut" : "shift+T",
			"icon" : "step.svg"
		},
		{
			"message" : "tracecontinue",
			"label" : "Continue",
			"navkey" : "u",
			"target" : "max",
			"shortcut" : "U",
			"icon" : "continue.svg"
		},
		{
			"message" : "traceabort",
			"label" : "Abort",
			"navkey" : "A",
			"target" : "max",
			"icon" : "revert.svg"
		},
		{
			"message" : "traceautostep",
			"label" : "Auto Step",
			"navkey" : "S",
			"target" : "max",
			"flags" : 3
		},
		{
			"message" : "tracepause",
			"label" : "Pause",
			"navkey" : "P",
			"target" : "max",
			"icon" : "pause.svg"
		},
		{
			"message" : "addbreakpoint",
			"label" : "Add Watchpoint - Break",
			"navkey" : "B",
			"target" : "owner"
		},
		{
			"message" : "addwiretap",
			"label" : "Add Watchpoint - Monitor",
			"target" : "owner"
		},
		{
			"message" : "removewiretap",
			"label" : "Remove Watchpoint",
			"target" : "owner"
		},
		{
			"message" : "disablewiretap",
			"label" : "Disable Watchpoint",
			"target" : "owner"
		},
		{
			"message" : "removeallwiretaps",
			"label" : "Remove All Watchpoints",
			"navkey" : "r",
			"target" : "owner"
		},
		{
			"message" : "probeenable",
			"label" : "Probing",
			"target" : "max",
			"flags" : 1
		},
		{
			"message" : "showmatrixprobe",
			"label" : "Matrix Probe",
			"target" : "max"
		},
		{
			"message" : "extra",
			"label" : "",
			"target" : "max",
			"enummsg" : "listextras",
			"enumtarget" : "max"
		},
		{
			"message" : "example",
			"label" : "Examples",
			"target" : "max",
			"enummsg" : "listexamples",
			"enumtarget" : "max",
			"flags" : 8
		},
		{
			"message" : "selectwindow",
			"label" : "Select Window",
			"target" : "window"
		},
		{
			"message" : "closeall",
			"label" : "Close All",
			"navkey" : "A",
			"target" : "max"
		},
		{
			"message" : "nextwindow",
			"label" : "Next",
			"navkey" : "N",
			"target" : "window"
		},
		{	"message" : "previouswindow",
			"label" : "Previous",
			"navkey" : "P",
			"target" : "window"
		},
		{
			"message" : "cascade",
			"label" : "Cascade",
			"navkey" : "d",
			"target" : "max"
		},
		{
			"message" : "tilehorizontally",
			"label" : "Tile Horizontally",
			"navkey" : "H",
			"target" : "max"
		},
		{
			"message" : "tilevertically",
			"label" : "Tile Vertically",
			"navkey" : "V",
			"target" : "max"
		},
		{
			"message" : "minimize",
			"label" : "Minimize",
			"target" : "window"
		},
		{
			"message" : "zoomwindow",
			"label" : "Zoom",
			"target" : "window"
		},
		{
			"message" : "bringalltofront",
			"label" : "Bring All to Front",
			"target" : "max"
		},
		{
			"message" : "minimizeall",
			"label" : "Minimize All",
			"target" : "max"
		},
		{
			"message" : "restoreall",
			"label_windows" : "Restore All",
			"label_mac" : "This Does Not Work",
			"target" : "max"
		},
		{
			"message" : "hidesubs",
			"label" : "Hide Subwindows",
			"navkey" : "S",
			"target" : "max"
		},
		{
			"message" : "sendwindowtoback",
			"label" : "Send Window to Back",
			"navkey" : "B",
			"target" : "window"
		},
		{
			"message" : "showfloatinspector",
			"label" : "Show Floating Inspector",
			"navkey" : "F",
			"target" : "max",
			"invmsg" : "hidefloatinspector",
			"invlabel" : "Hide Floating Inspector",
			"shortcut" : "/"
		},
		{
			"message" : "showclue",
			"label" : "Clue Window",
			"target" : "max"
		},
		{
			"message" : "magnifier",
			"label" : "Magnifier",
			"target" : "max",
			"shortcut" : "F5"
		},
		{
			"message" : "patcherdrawer",
			"label" : "Sidebar",
			"target" : "owner",
			"shortcut" : "2",
			"flags" : 3,
			"icon" : "drawer.svg",
			"caption" : "Open Sidebar",
			"downcaption" : "Close Sidebar"
		},
		{
			"message" : "window",
			"label" : "",
			"target" : "max",
			"enummsg" : "listwindows",
			"enumtarget" : "max"
		},
		{
			"message" : "subwindow",
			"label" : "Window",
			"target" : "max",
			"enummsg" : "listwindows",
			"enumtarget" : "max",
			"flags" : 8
		},
		{
			"message" : "subwindow2",
			"label" : "Window",
			"target" : "max",
			"enummsg" : "listwindows",
			"enumtarget" : "max",
			"flags" : 8
		},
		{
			"message" : "help",
			"label" : "Help",
			"navkey" : "H",
			"shortcut" : "shift+H",
			"target" : "owner",
			"icon" : "question.svg",
			"caption" : "Help"
		},
		{
			"message" : "reference",
			"label" : "Reference",
			"shortcut" : "shift+R",
			"target" : "max",
			"icon" : "list.svg",
			"caption" : "Reference"
		},
		{
			"message" : "viewbyname",
			"label" : "View by Name",
			"target" : "owner",
			"icon" : "viewbyname.svg",
			"caption" : "View by Name",
			"downcaption" : "View by Name"
		},
		{
			"message" : "viewbyicon",
			"label" : "View by Icon",
			"target" : "owner",
			"icon" : "viewbyicon.svg",
			"caption" : "View by Icon",
			"downcaption" : "View by Icon"
		},
		{
			"message" : "queryselected",
			"label" : "Query",
			"shortcut" : "shift+Q",
			"target" : "owner"
		},
		{
			"message" : "zoomin",
			"label" : "Zoom In",
			"navkey" : "Z",
			"target" : "owner",
			"shortcut" : "="
		},
		{
			"message" : "zoomout",
			"label" : "Zoom Out",
			"navkey" : "m",
			"target" : "owner",
			"shortcut" : "-"
		},
		{
			"message" : "showat100percent",
			"label" : "Show at 100%",
			"navkey" : "1",
			"target" : "owner",
			"shortcut" : "1"
		},
		{
			"message" : "pastefrom_box",
			"label" : "Paste From",
			"target" : "owner",
			"enummsg" : "listclippings_box",
			"enumtarget" : "max",
			"flags" : 8
		},
		{
			"message" : "pastefrom_dsp.gen",
			"label" : "Paste From",
			"target" : "owner",
			"enummsg" : "listclippings_dsp.gen",
			"enumtarget" : "max",
			"flags" : 8
		},
		{
			"message" : "pastefrom_jit.gen",
			"label" : "Paste From",
			"target" : "owner",
			"enummsg" : "listclippings_jit.gen",
			"enumtarget" : "max",
			"flags" : 8
		},
		{
			"message" : "clientcontext",
			"label" : "Object",
			"target" : "owner",
			"enummsg" : "listboxcontextitems",
			"enumtarget" : "owner",
			"flags" : 8
		},
		{
			"message" : "savequery",
			"label" : "Save Search",
			"target" : "owner",
			"icon" : "save.svg",
			"caption" : "Save Search"
		},
		{
			"message" : "updatequery",
			"label" : "Update Search",
			"target" : "owner",
			"icon" : "update.svg",
			"caption" : "Update Search"
		},
		{
			"message" : "deletequery",
			"label" : "Delete Search",
			"target" : "owner",
			"icon" : "delete.svg",
			"caption" : "Remove Search"
		},
		{
			"message" : "showpreview",
			"label" : "Show Details",
			"target" : "owner",
			"icon" : "eye.svg",
			"caption" : "Show Details",
			"downcaption" : "Hide Details",
			"flags" : 3
		},
		{
			"message" : "editmetadata",
			"label" : "Edit Metadata",
			"target" : "owner",
			"icon" : "pencil.svg",
			"caption" : "Edit Metadata",
			"flags" : 3
		},
		{
			"message" : "newproject",
			"label" : "Create New Project",
			"target" : "projectmanager",
			"icon" : "plus.svg",
			"caption" : "Create New Project"
		},
		{
			"message" : "revealinfinder",
			"label_mac" : "Reveal in Finder",
			"label_windows" : "Reveal in Explorer",
			"target" : "owner",
			"icon" : "reveal.svg",
			"flags" : 64
		},
		{
			"message" : "showprefsfolder",
			"label" : "Show Preferences Folder",
			"target" : "owner",
			"icon" : "reveal.svg",
			"flags" : 64
		},
		{
			"message" : "addmetadata",
			"label" : "Add Metadata",
			"target" : "owner",
			"icon" : "plus.svg",
			"caption" : "Add Metadata"
		},
		{
			"message" : "deletemetadata",
			"label" : "Remove Metadata",
			"target" : "owner",
			"icon" : "minus.svg",
			"caption" : "Remove Metadata"
		},
		{
			"message" : "penciltool",
			"label" : "Pencil Tool",
			"target" : "owner",
			"icon" : "pencil.svg",
			"caption" : "Pencil Tool",
			"flags" : 3
		},
		{
			"message" : "selecttool",
			"label" : "Select Tool",
			"target" : "owner",
			"icon" : "ibeam.svg",
			"caption" : "Select Tool",
			"flags" : 3
		},
		{
			"message" : "linetool",
			"label" : "Line Tool",
			"target" : "owner",
			"icon" : "cross.svg",
			"caption" : "Line Tool",
			"flags" : 3
		},
		{
			"message" : "changetool",
			"label" : "Change Tool",
			"target" : "owner",
			"icon" : "cross.svg",
			"caption" : "Change Tool",
			"flags" : 3
		},
		{
			"message" : "handtool",
			"label" : "Move Tool",
			"target" : "owner",
			"icon" : "hand.svg",
			"caption" : "Move Tool",
			"flags" : 3
		},
		{
			"message" : "sortbytime",
			"label" : "Order by Time",
			"target" : "owner",
			"icon" : "clock.svg",
			"caption" : "Order by Time"
		},
		{
			"message" : "showonlyerrors",
			"label" : "Show Only Errors",
			"target" : "owner",
			"icon" : "resolveconflicts.svg",
			"caption" : "Show Only Errors",
			"downcaption" : "Show All Messages",
			"flags" : 3
		},
		{
			"message" : "maxclearall",
			"label" : "Clear All",
			"target" : "owner",
			"icon" : "revert.svg",
			"caption" : "Clear All"
		},
		{
			"message" : "addattr",
			"label" : "Add Instance Attribute",
			"target" : "owner",
			"icon" : "plus.svg",
			"caption" : "Add Instance Attribute"
		},
		{
			"message" : "addattr_single",
			"label" : "Add Attribute",
			"target" : "owner",
			"icon" : "plus.svg",
			"caption" : "Add"
		},
		{
			"message" : "addpath",
			"label" : "Add Path",
			"target" : "owner",
			"icon" : "plus.svg",
			"caption" : "Add Path"
		},
		{
			"message" : "removeattr",
			"label" : "Remove Instance Attribute",
			"target" : "owner",
			"icon" : "minus.svg",
			"caption" : "Remove Instance Attribute"
		},
		{
			"message" : "removeattr_single",
			"label" : "Remove Attribute",
			"target" : "owner",
			"icon" : "minus.svg",
			"caption" : "Remove"
		},
		{
			"message" : "removepath",
			"label" : "Remove Path",
			"target" : "owner",
			"icon" : "minus.svg",
			"caption" : "Remove Path"
		},
		{
			"message" : "reveal",
			"label" : "Show Object",
			"target" : "owner",
			"icon" : "reveal.svg",
			"caption" : "Show Object"
		},
		{
			"message" : "attr_reveal",
			"label" : "Show Object",
			"target" : "owner",
			"icon" : "reveal.svg",
			"caption" : "Show Object"
		},
		{
			"message" : "revert",
			"label" : "Revert Value",
			"target" : "owner",
			"icon" : "revert.svg",
			"caption" : "Revert Value"
		},
		{
			"message" : "freeze",
			"label" : "Freeze",
			"target" : "owner",
			"icon" : "snowflake.svg",
			"caption" : "Freeze Attribute",
			"downcaption" : "Unfreeze Attribute",
			"flags" : 131,
			"color" : "iceice"
		},
		{
			"message" : "unfreeze",
			"label" : "Unfreeze",
			"target" : "owner",
			"icon" : "sun.svg",
			"caption" : "Unfreeze Attribute"
		},
		{
			"message" : "dialog_sender",
			"label" : "Inspector",
			"target" : "owner",
			"icon" : "dialog.svg",
			"caption" : "Inspect Sender"
		},
		{
			"message" : "dialog_receiver",
			"label" : "Inspector",
			"target" : "owner",
			"icon" : "dialogcirc.svg",
			"caption" : "Inspect Receiver"
		},
		{
			"message" : "reveal_sender",
			"label" : "Reveal",
			"target" : "owner",
			"icon" : "reveal.svg",
			"caption" : "Show Sender"
		},
		{
			"message" : "reveal_receiver",
			"label" : "Reveal",
			"target" : "owner",
			"icon" : "revealcirc.svg",
			"caption" : "Show Receiver"
		},
		{
			"message" : "browser_fwd",
			"label" : "Forward",
			"target" : "owner",
			"icon" : "fwdarrow.svg",
			"caption" : "Show Next Page"
		},
		{
			"message" : "browser_home",
			"label" : "Home",
			"target" : "owner",
			"icon" : "home.svg",
			"caption" : "Documentation Home"
		},
		{
			"message" : "browser_related",
			"label" : "Contents",
			"target" : "owner",
			"icon" : "related.svg",
			"caption" : "Contents"
		},
		{
			"message" : "browser_web",
			"label" : "Open Online Version",
			"target" : "owner",
			"icon" : "web.svg",
			"caption" : "Open Online Version"
		},
		{
			"message" : "browser_patch",
			"label" : "Open Patcher",
			"target" : "owner",
			"icon" : "eye.svg",
			"caption" : "Open Patcher"
		},
		{
			"message" : "browser_back",
			"label" : "Back",
			"target" : "owner",
			"icon" : "backarrow.svg",
			"caption" : "Show Previous Page"
		},
		{
			"message" : "refbar_help",
			"label" : "Open Help File",
			"target" : "owner",
			"icon" : "load.svg",
			"caption" : "Open Help File"
		},
		{
			"message" : "refbar_ref",
			"label" : "Open Reference",
			"target" : "owner",
			"icon" : "list.svg",
			"caption" : "Open Full Reference"
		},
		{
			"message" : "refbar_back",
			"label" : "Back",
			"target" : "owner",
			"icon" : "backarrow.svg",
			"caption" : "Show Previous Object"
		},
		{
			"message" : "refbar_fwd",
			"label" : "Forward",
			"target" : "owner",
			"icon" : "fwdarrow.svg",
			"caption" : "Show Next Object"
		},
		{
			"message" : "loadskin",
			"label" : "Load Settings",
			"target" : "owner",
			"enummsg" : "listskinfiles",
			"enumtarget" : "max"
		},
		{
			"message" : "saveskin",
			"label" : "Save Settings",
			"target" : "owner",
			"icon" : "save.svg",
			"caption" : "Save Settings"
		},
		{
			"message" : "defaultdefaults",
			"label" : "Set All to Default Values",
			"target" : "owner",
			"icon" : "revert.svg",
			"caption" : "Set All to Default Values"
		},
		{
			"message" : "listpaths",
			"label" : "List Paths",
			"target" : "owner",
			"icon" : "list.svg",
			"caption" : "List Paths"
		},
		{
			"message" : "docintro",
			"label" : "Max Help",
			"target" : "max"
		},
		{
			"message" : "docnew",
			"label" : "What's New in Max 6?",
			"target" : "max"
		},
		{
			"message" : "doclive",
			"label" : "Max for Live",
			"target" : "max"
		},
		{
			"message" : "doctesting",
			"label" : "Latest Support Information",
			"target" : "max"
		},
		{
			"message" : "shortcuts",
			"label" : "Tips and Shortcuts",
			"target" : "max"
		},
		{
			"message" : "keycommands",
			"label" : "Patcher Key Commands",
			"target" : "max"
		},
		{
			"message" : "maxindex",
			"label" : "Max Tutorials",
			"target" : "max"
		},
		{
			"message" : "mspindex",
			"label" : "MSP Tutorials",
			"target" : "max"
		},
		{
			"message" : "jitindex",
			"label" : "Jitter Tutorials",
			"target" : "max"
		},
		{
			"message" : "showattrs",
			"label" : "Show Attribute Names",
			"target" : "owner",
			"flags" : 3,
			"icon" : "attr.svg",
			"caption" : "Show Attribute Names",
			"downcaption" : "Hide Attribute Names"
		},
		{
			"message" : "showheader",
			"label" : "Show Column Header",
			"target" : "owner",
			"flags" : 3,
			"icon" : "header.svg",
			"caption" : "Show Column Header",
			"downcaption" : "Hide Column Header"
		},
		{
			"message" : "autostop",
			"label" : "Autostop After Step",
			"target" : "owner",
			"flags" : 3,
			"icon" : "autostop.svg",
			"caption" : "Autostop After Step"
		},
		{
			"message" : "lesson_related",
			"label" : "Show Related Items",
			"target" : "owner",
			"icon" : "related.svg",
			"caption" : "Show Related Items"
		},
		{
			"message" : "showanswer",
			"label" : "Open Completed Patcher",
			"target" : "owner",
			"icon" : "showanswer.svg",
			"caption" : "Open Completed Patcher"
		},
		{
			"message" : "livepreview",
			"label" : "Preview",
			"target" : "owner",
			"icon" : "livepreview.svg",
			"caption" : "Preview is On",
			"downcaption" : "Preview is Off",
			"flags" : 3
		},
		{
			"message" : "freezedevice",
			"label" : "Freeze Device",
			"target" : "owner",
			"icon" : "snowflake.svg",
			"caption" : "Freeze Device",
			"downcaption" : "Unfreeze Device (Allow Editing)",
			"flags" : 131,
			"color" : "iceice"
		},
		{
			"message" : "resolveconflicts",
			"label" : "Resolve Conflicts",
			"target" : "owner",
			"icon" : "resolveconflicts.svg",
			"caption" : "No Conflicts",
			"downcaption" : "Resolve Conflicts",
			"flags" : 3,
			"color" : "wolfsburg"
		},
		{
			"message" : "dependencies",
			"label" : "Dependencies",
			"target" : "owner"
		},
		{
			"message" : "addfiledependency",
			"label" : "Add File Dependency",
			"target" : "owner",
			"icon" : "plus.svg",
			"caption" : "Add File Dependency"
		},
		{
			"message" : "addfolderdependency",
			"label" : "Add Folder Dependency",
			"target" : "owner",
			"icon" : "addfolder.svg",
			"caption" : "Add Folder Dependency"
		},
		{
			"message" : "removedependency",
			"label" : "Remove Dependency",
			"target" : "owner",
			"icon" : "minus.svg",
			"caption" : "Remove Dependency"
		},
		{
			"message" : "showobjects",
			"label" : "Show Objects",
			"target" : "owner",
			"icon" : "objects.svg",
			"downicon" : "objects_on.svg",
			"caption" : "Show Objects",
			"downcaption" : "Hide Objects",
			"flags" : 3
		},
		{
			"message" : "showfoldercontents",
			"label" : "Show Folder Contents",
			"target" : "owner",
			"icon" : "folders.svg",
			"caption" : "Show Folder Contents",
			"downcaption" : "Hide Folder Contents",
			"flags" : 3
		},
		{
			"message" : "updatedependencies",
			"label" : "Update Dependency List",
			"target" : "owner",
			"icon" : "refresh.svg",
			"caption" : "Update Dependency List"
		},
		{
			"message" : "refreshconflicts",
			"label" : "Update Conflict List",
			"target" : "owner",
			"icon" : "refresh.svg",
			"caption" : "Update Conflict List"
		},
		{
			"message" : "listconflicts",
			"label" : "List Conflicts",
			"target" : "owner",
			"icon" : "list.svg",
			"caption" : "List Conflicts"
		},
		{
			"message" : "minimixer",
			"label" : "Mixer",
			"target" : "owner",
			"icon" : "audiopower.svg",
			"caption" : "Mixer",
			"flags" : 3
		},
		{
			"message" : "audiopower",
			"label" : "Audio On/Off",
			"target" : "owner",
			"icon" : "audiopower.svg",
			"caption" : "Turn Audio On",
			"downcaption" : "Turn Audio Off",
			"color" : "audiocolor",
			"flags" : 131
		},
		{
			"message" : "audiomute",
			"label" : "Mute Audio",
			"target" : "owner",
			"icon" : "audiomute.svg",
			"caption" : "Turn Mute On",
			"downcaption" : "Turn Mute Off",
			"color" : "mute_on",
			"flags" : 3
		},
		{
			"message" : "audiosolo",
			"label" : "Solo Audio",
			"target" : "owner",
			"icon" : "audiosolo.svg",
			"caption" : "Turn Solo On",
			"downcaption" : "Turn Solo Off",
			"color" : "solo_on",
			"flags" : 3
		},
		{
			"message" : "savefavorite",
			"label" : "Save Snippet",
			"target" : "owner",
			"icon" : "addsnippet.svg",
			"caption" : "Save Snippet",
			"color" : "favicolor",
			"flags" : 128
		},
		{
			"message" : "gencode",
			"label" : "Generate Code",
			"target" : "owner",
			"icon" : "gencode.svg",
			"caption" : "Generate Code"
		},
		{
			"message" : "compile",
			"label" : "Compile",
			"target" : "owner",
			"icon" : "compile.svg",
			"caption" : "Compile"
		},
		{
			"message" : "build_autocompile",
			"label" : "Auto-Compile",
			"target" : "owner",
			"icon" : "autocompile.svg",
			"caption" : "Enable Auto-Compile",
			"downcaption" : "Disable Auto-Compile",
			"flags" : 3
		},
		{
			"message" : "build",
			"label" : "Build",
			"target" : "owner",
			"icon" : "build.svg",
			"caption" : "Build"
		},
		{
			"message" : "build_reset",
			"label" : "Reset",
			"target" : "owner",
			"icon" : "reset.svg",
			"caption" : "Reset"
		},
		{
			"message" : "addrow",
			"label" : "Add Row",
			"target" : "owner",
			"icon" : "addrow.svg",
			"caption" : "Add Row"
		},
		{
			"message" : "removerow",
			"label" : "Remove Row",
			"target" : "owner",
			"icon" : "removerow.svg",
			"caption" : "Remove Row"
		},
		{
			"message" : "addcol",
			"label" : "Show Additional Column",
			"target" : "owner",
			"icon" : "addcol.svg",
			"caption" : "Show Additional Column"
		},
		{
			"message" : "deletecol",
			"label" : "Hide Last Column",
			"target" : "owner",
			"icon" : "deletecol.svg",
			"caption" : "Hide Last Column"
		},
		{
			"message" : "colmode",
			"label" : "Toggle Multiple Columns",
			"target" : "owner",
			"icon" : "multicol.svg",
			"downicon" : "multicol_off.svg",
			"caption" : "Show Single Column",
			"downcaption" : "Show Multi Column"
		},
		{
			"message" : "hiddendata",
			"label" : "Toggle Hidden Data",
			"target" : "owner",
			"icon" : "resolveconflicts.svg",
			"downicon" : "resolveconflicts_on.svg",
			"caption" : "Hide Data",
			"downcaption" : "Show Hidden Data"
		},
		{
			"message" : "setdefault",
			"label" : "Set to Default Value",
			"target" : "owner"
		},
		{
			"message" : "setnameddefault",
			"label" : "Set to Named Default Value",
			"target" : "owner"
		},
		{
			"message" : "setfrozen",
			"label" : "Set to Frozen Value",
			"target" : "owner"
		},
		{
			"message" : "showdetails",
			"label" : "Show Object Details",
			"target" : "owner",
			"icon" : "eye.svg",
			"caption" : "Show Object Details",
			"downcaption" : "Hide Object Details"
		},
		{
			"message" : "showitemdetails",
			"label" : "Show Item Details",
			"target" : "owner",
			"icon" : "remarks.svg",
			"caption" : "Show Item Details",
			"downcaption" : "Hide Item Details"
		},
		{
			"message" : "trackselection",
			"label" : "Track Object Selection",
			"target" : "owner",
			"icon" : "eye.svg",
			"caption" : "Follow Object Selection",
			"downcaption" : "Do Not Follow Object Selection"
		},
		{
			"message" : "snapshotpatcher",
			"label" : "Patcher Snapshot",
			"target" : "owner",
			"icon" : "snapshot.svg",
			"caption" : "Take a Patcher Snapshot"
		},
		{
			"message" : "restorepatchersnapshot",
			"label" : "Restore Snapshot",
			"target" : "owner",
			"icon" : "restoresnapshot.svg",
			"caption" : "Restore Patcher Snapshot"
		},
		{
			"message" : "backtodefault",
			"label" : "Back to Default",
			"target" : "owner",
			"icon" : "backtodefault.svg",
			"caption" : "Set parameters back to initial values."
		},
		{
			"message" : "showsnapshots",
			"label" : "Show Snapshots",
			"target" : "owner",
			"icon" : "snapshotlist.svg",
			"caption" : "Show Snapshots",
			"color" : "sidebarblues"
		},
		{
			"message" : "showproject",
			"label" : "Show Containing Project",
			"target" : "owner",
			"icon" : "project.svg",
			"caption" : "Show Containing Project"
		},
		{
			"message" : "showprojectfolder",
			"label" : "Show Project Folder",
			"target" : "owner",
			"icon" : "folders.svg",
			"caption" : "Show Project Folder"
		},
		{
			"message" : "showattrdetails",
			"label" : "Show Attribute Details",
			"target" : "owner",
			"icon" : "eye.svg",
			"caption" : "Show Attribute Details",
			"downcaption" : "Hide Attribute Details"
		},
		{
			"message" : "attr_ref",
			"label" : "Show in Reference",
			"target" : "owner",
			"icon" : "list.svg",
			"caption" : "Show in Reference"
		},
		{
			"message" : "makeselectedattr",
			"label" : "Make Attribute",
			"target" : "owner",
			"icon" : "plus.svg",
			"caption" : "Make Attribute in Patcher"
		},
		{
			"message" : "iconzoomin",
			"label" : "Make Icons Larger",
			"target" : "owner",
			"icon" : "plus.svg",
			"caption" : "Make Icons Larger"
		},
		{
			"message" : "iconzoomout",
			"label" : "Make Icons Smaller",
			"target" : "owner",
			"icon" : "minus.svg",
			"caption" : "Make Icons Smaller"
		},
		{
			"message" : "explorer_option_createobjectbox",
			"label" : "Create Object Box Before Showing Explorer",
			"target" : "owner"
		},
		{
			"message" : "explorer_option_hideaftercreate",
			"label" : "Hide Explorer After Creating Object",
			"target" : "owner"
		},
		{
			"message" : "explorer_option_movebelowtarget",
			"label" : "Show Explorer Below Target",
			"target" : "owner"
		},
		{
			"message" : "explorer_option_listexamples",
			"label" : "List Patchers in Examples and Documentation Folders",
			"target" : "owner"
		},
		{
			"message" : "makeone",
			"label" : "Create Selected Object",
			"target" : "owner",
			"icon" : "plus.svg",
			"caption" : "Create Selected Object"
		},
		{
			"message" : "mro",
			"label" : "Modify This Patcher",
			"target" : "owner"
		},
		{
			"message" : "openoriginal",
			"label" : "Open Original",
			"target" : "owner"
		},
		{
			"message" : "openparent",
			"label" : "Show Parent Patcher",
			"target" : "owner"
		},
		{
			"message" : "transform",
			"label" : "Transform",
			"enummsg" : "transform_enumerate",
			"enumtarget" : "owner",
			"target" : "owner",
			"flags" : 8
		},
		{
			"message" : "quickref_message",
			"label" : "Messages",
			"enummsg" : "quickref_message_enumerate",
			"enumtarget" : "owner",
			"target" : "owner",
			"flags" : 8
		},
		{
			"message" : "quickref_attribute",
			"label" : "Attributes",
			"enummsg" : "quickref_attribute_enumerate",
			"enumtarget" : "owner",
			"target" : "owner",
			"flags" : 8
		},
		{
			"message" : "connectinlet",
			"label" : "Connect Inlet",
			"enummsg" : "connectinlet_enumerate",
			"enumtarget" : "owner",
			"target" : "owner"
		},
		{
			"message" : "connectoutlet",
			"label" : "Connect Outlet",
			"enummsg" : "connectoutlet_enumerate",
			"enumtarget" : "owner",
			"target" : "owner"
		},
		{
			"message" : "objectspecific",
			"label" : "Object-specific",
			"enummsg" : "objectspecific_enumerate",
			"enumtarget" : "owner",
			"target" : "owner"
		},
		{
			"message" : "ownerspecific",
			"label" : "Owner-specific",
			"enummsg" : "ownerspecific_enumerate",
			"enumtarget" : "owner",
			"target" : "owner"
		},
		{
			"message" : "bigwheel",
			"label" : "Use Large Wheel",
			"target" : "max",
			"flags" : 1
		},
		{
			"message" : "buttonfirst",
			"label" : "Show Wheel After Click",
			"target" : "max",
			"flags" : 1
		},
		{
			"message" : "use",
			"label" : "Lock Object",
			"target" : "owner",
			"caption" : "Lock Object",
			"downcaption" : "Unlock Object",
			"flags" : 1
		},
		{
			"message" : "editobject",
			"label" : "Edit",
			"target" : "owner"
		},
		{
			"message" : "opentoplevel",
			"label" : "Show Topmost Patcher",
			"target" : "owner"
		},
		{
			"message" : "showprojectinspector",
			"label" : "Project Inspector",
			"target" : "owner"
		},
		{
			"message" : "reloadproject",
			"label" : "Reload Project",
			"target" : "owner",
			"icon" : "reload.svg"
		},
		{
			"message" : "projectsearchpaths",
			"label" : "Search Paths",
			"target" : "owner"
		},
		{
			"message" : "showopenactions",
			"label" : "Open Actions",
			"target" : "owner"
		},
		{
			"message" : "consolidate",
			"label" : "Consolidate",
			"target" : "owner"
		},
		{
			"message" : "snapshot",
			"label" : "Snapshot...",
			"target" : "owner"
		},
		{
			"message" : "deconsolidate",
			"label" : "De-Consolidate",
			"target" : "owner"
		},
		{
			"message" : "addexistingfile",
			"label" : "Add Existing File...",
			"target" : "owner"
		},
		{
			"message" : "addnewfile",
			"label" : "Add New File...",
			"target" : "owner"
		},
		{
			"message" : "showauthorizationwindow",
			"label" : "User Account and Licenses",
			"target" : "max"
		},
		{
			"message" : "supportpage",
			"label" : "Technical Support",
			"target" : "max"
		},
		{
			"message" : "communitypage",
			"label" : "Max Community",
			"target" : "max"
		},
		{
			"message" : "checkforupdates",
			"label" : "Check for Updates...",
			"target" : "max"
		},
		{
			"message" : "tab_openreference",
			"label" : "Open Reference",
			"target" : "owner"
		},
		{
			"message" : "tab_seealso",
			"label" : "See Also",
			"target" : "owner",
			"enummsg" : "tab_seealso_enumerate",
			"enumtarget" : "owner"
		},
		{
			"message" : "listkeycommands",
			"label" : "Show Key Commands",
			"target" : "owner",
			"icon" : "xkey.svg",
			"caption" : "Show Key Commands"
		},
		{
			"message" : "openreferencesidebar",
			"label" : "Reference",
			"target" : "owner",
			"icon" : "reference.svg",
			"caption" : "Reference",
			"downcaption" : "Close Reference",
			"color" : "sidebarblues"
		},
		{
			"message" : "snapshots",
			"label" : "Snapshots",
			"target" : "owner",
			"icon" : "snapshots.svg",
			"caption" : "Snapshots"
		},
		{
			"message" : "lessonbrowser",
			"label" : "Browse Lessons",
			"target" : "owner",
			"icon" : "lessons.svg",
			"caption" : "Browse Lessons",
			"downcaption" : "Close Lessons",
			"color" : "sidebarblues"
		},
		{
			"message" : "maxwindow",
			"label" : "Max Console",
			"target" : "max",
			"icon" : "maxwindow.svg",
			"caption" : "Max Window",
			"shortcut" : "shift+M"
		},
		{
			"message" : "openmaxwindowsidebar",
			"label" : "Sidebar Max Console",
			"target" : "owner",
			"icon" : "maxwindow.svg",
			"caption" : "Max Console",
			"downcaption" : "Close Max Console",
			"color" : "sidebarblues",
			"shortcut" : "M"
		},
		{
			"message" : "closesidebar",
			"label" : "Close",
			"target" : "owner",
			"icon" : "close.svg",
			"caption" : "Close Sidebar"
		},
		{
			"message" : "searchlessons",
			"label" : "Search for Lessons",
			"target" : "owner",
			"icon" : "search.svg",
			"caption" : "Search Online for New Lessons"
		},
		{
			"message" : "sidebarpatcherinspector",
			"label" : "Patcher Inspector",
			"target" : "owner",
			"icon" : "patcherstyle.svg",
			"caption" : "Show Patcher Inspector",
			"downcaption" : "Hide Patcher Inspector"
		},
		{
			"message" : "sidebarpatchersnapshots",
			"label" : "Patcher Snapshots",
			"target" : "owner",
			"icon" : "patcherstyle.svg",
			"caption" : "Show Patcher Snapshots",
			"downcaption" : "Hide Patcher Snapshots"
		},
		{
			"message" : "snapshotwindowrestore",
			"label" : "Restore Snapshot",
			"target" : "owner",
			"icon" : "doublecirc.svg",
			"caption" : "Restore Snapshot"
		},
		{
			"message" : "snapshotwindowsnapshot",
			"label" : "Take Snapshot",
			"target" : "owner",
			"icon" : "snapshot.svg",
			"caption" : "Take Snapshot"
		},
		{
			"message" : "snapshotwindowaddsnapshot",
			"label" : "Add Snapshot",
			"target" : "owner",
			"icon" : "plus.svg",
			"caption" : "Add a new Snapshot"
		},
		{
			"message" : "snapshotwindoweditsnapshot",
			"label" : "Rename Snapshot",
			"target" : "owner",
			"icon" : "pencil.svg",
			"caption" : "Edit the Snapshot Name"
		},
		{
			"message" : "snapshotwindowdeletesnapshot",
			"label" : "Delete Snapshot",
			"target" : "owner",
			"icon" : "minus.svg",
			"caption" : "Delete the selected Snapshot"
		},
		{
			"message" : "browseobjects",
			"label" : "Objects",
			"target" : "owner",
			"icon" : "objects.svg",
			"caption" : "Objects"
		},
		{
			"message" : "browsedocs",
			"label" : "Docs",
			"target" : "owner",
			"icon" : "docs.svg",
			"caption" : "Docs"
		},
		{
			"message" : "browsemedia",
			"label" : "Media",
			"target" : "owner",
			"icon" : "media.svg",
			"caption" : "Media"
		},
		{
			"message" : "browsevizzie",
			"label" : "Vizzie",
			"target" : "owner",
			"icon" : "vizzie.svg",
			"caption" : "Vizzie",
			"flags" : 4160,
			"color" : "parchment"
		},
		{
			"message" : "browsebeap",
			"label" : "BEAP",
			"target" : "owner",
			"icon" : "beap.svg",
			"caption" : "BEAP",
			"flags" : 4160,
			"color" : "parchment"
		},
		{
			"message" : "browsegenop_dsp",
			"label" : "Gen Operators",
			"target" : "owner",
			"icon" : "plus.svg",
			"caption" : "Gen Operators",
			"flags" : 4160,
			"color" : "parchment"
		},
		{
			"message" : "browsegenop_jit",
			"label" : "Gen Operators",
			"target" : "owner",
			"icon" : "plus.svg",
			"caption" : "Gen Operators",
			"flags" : 4160,
			"color" : "parchment"
		},
		{
			"message" : "browsegendsp",
			"label" : "Gen DSP",
			"target" : "owner",
			"icon" : "gendsp.svg",
			"caption" : "Gen DSP",
			"flags" : 4160,
			"color" : "parchment"
		},
		{
			"message" : "browsegenjit",
			"label" : "Gen Jitter",
			"target" : "owner",
			"icon" : "genjit.svg",
			"caption" : "Gen Jitter",
			"flags" : 4160,
			"color" : "parchment"
		},
		{
			"message" : "codesidebar",
			"label" : "Code",
			"target" : "owner",
			"icon" : "code.svg",
			"color" : "sidebarblues",
			"caption" : "Code",
			"downcaption" : "Close Code"
		},
		{
			"message" : "comment",
			"label" : "Comment",
			"target" : "owner",
			"icon" : "comment.svg",
			"caption" : "Comment",
			"flags" : 1024
		},
		{
			"message" : "newobj",
			"label" : "Object",
			"target" : "owner",
			"icon" : "newobj.svg",
			"caption" : "Object",
			"color" : "objectified",
			"flags" : 1024
		},
		{
			"message" : "addobject",
			"label" : "",
			"target" : "owner",
			"enummsg" : "listobjects",
			"enumtarget" : "owner",
			"color" : "objectified"
		},
		{
			"message" : "message",
			"label" : "Message",
			"target" : "owner",
			"icon" : "message.svg",
			"caption" : "Message",
			"color" : "urgentmessage",
			"flags" : 1024
		},
		{
			"message" : "addmessage",
			"label" : "",
			"target" : "owner",
			"enummsg" : "listmessages",
			"enumtarget" : "owner",
			"color" : "urgentmessage"
		},
		{
			"message" : "number",
			"label" : "Numbers",
			"target" : "owner",
			"icon" : "number.svg",
			"caption" : "Numbers",
			"flags" : 1280,
			"color" : "number_one"
		},
		{
			"message" : "addnumber",
			"label" : "",
			"target" : "owner",
			"enummsg" : "listnumbers",
			"enumtarget" : "owner"
		},
		{
			"message" : "button",
			"label" : "Buttons",
			"target" : "owner",
			"icon" : "button.svg",
			"caption" : "Buttons",
			"flags" : 1280,
			"color" : "buttoned_up"
		},
		{
			"message" : "toggle",
			"label" : "Toggle",
			"target" : "owner",
			"icon" : "toggle.svg",
			"caption" : "Toggle",
			"flags" : 1024
		},
		{
			"message" : "panel",
			"label" : "Panel",
			"target" : "owner",
			"icon" : "panel.svg",
			"caption" : "Panel",
			"flags" : 1024
		},
		{
			"message" : "codebox",
			"label" : "Codebox",
			"target" : "owner",
			"icon" : "codebox.svg",
			"caption" : "Codebox",
			"flags" : 1024
		},
		{
			"message" : "slider",
			"label" : "Sliders",
			"target" : "owner",
			"icon" : "slider.svg",
			"caption" : "Sliders",
			"flags" : 1280,
			"color" : "sliderweb"
		},
		{
			"message" : "live.dial",
			"label" : "Max for Live Objects",
			"target" : "owner",
			"icon" : "live.dial.svg",
			"caption" : "Max for Live Objects",
			"color" : "lively",
			"flags" : 1280
		},
		{
			"message" : "other",
			"label" : "Add Object",
			"target" : "owner",
			"icon" : "plus.svg",
			"caption" : "Add Object",
			"color" : "basic",
			"flags" : 256
		},
		{
			"message" : "formatpalette",
			"label" : "Format",
			"target" : "owner",
			"icon" : "paintbucket.svg",
			"caption" : "Format"
		},
		{
			"message" : "forcestartuptour",
			"label" : "Max Tour",
			"target" : "max"
		},
		{
			"message" : "c74",
			"label" : "Cycling '74",
			"target" : "owner",
			"icon" : "c74.svg",
			"caption" : "Cycling '74"
		},
		{
			"message" : "mixersliderenabler",
			"label" : "",
			"target" : "owner",
			"flags" : 3
		},
		{
			"message" : "audiopowerenabler",
			"label" : "",
			"target" : "owner",
			"flags" : 3
		},
		{
			"message" : "calendarenabler",
			"label" : "",
			"target" : "owner",
			"flags" : 3
		},
		{
			"message" : "transportenabler",
			"label" : "",
			"target" : "owner",
			"flags" : 3
		},
		{
			"message" : "viewzoomenabler",
			"label" : "",
			"target" : "owner",
			"flags" : 3
		},
		{
			"message" : "searchbarenabler",
			"label" : "",
			"target" : "owner",
			"flags" : 3
		},
		{
			"message" : "sidebarsearchbarenabler",
			"label" : "",
			"target" : "owner",
			"flags" : 3
		},
		{
			"message" : "embedsnapshotenabler",
			"label" : "",
			"target" : "owner",
			"flags" : 3
		},
		{
			"message" : "titleenabler",
			"label" : "",
			"target" : "owner",
			"flags" : 3
		},
		{
			"message" : "omnibrowser",
			"label" : "File Browser",
			"target" : "owner",
			"icon" : "omnibrowser.svg",
			"caption" : "File Browser",
			"flags" : 4160
		},
		{
			"message" : "browser_audio",
			"label" : "Audio",
			"target" : "owner",
			"icon" : "browser_audio.svg",
			"caption" : "Audio",
			"color" : "parchment",
			"flags" : 4160
		},
		{
			"message" : "browser_video",
			"label" : "Video",
			"target" : "owner",
			"icon" : "browser_video.svg",
			"caption" : "Video",
			"color" : "parchment",
			"flags" : 4160
		},
		{
			"message" : "browser_images",
			"label" : "Images",
			"target" : "owner",
			"icon" : "browser_images.svg",
			"caption" : "Images",
			"color" : "parchment",
			"flags" : 4160
		},
		{
			"message" : "browser_plugin",
			"label" : "Plug-ins",
			"target" : "owner",
			"icon" : "browser_plugin.svg",
			"caption" : "Plug-ins",
			"color" : "parchment",
			"flags" : 4160
		},
		{
			"message" : "browser_snippet",
			"label" : "Snippets",
			"target" : "owner",
			"icon" : "browser_snippet.svg",
			"caption" : "Snippets",
			"color" : "parchment",
			"flags" : 4288
		},
		{
			"message" : "browser_shader",
			"label" : "Shaders",
			"target" : "owner",
			"icon" : "browser_shader.svg",
			"caption" : "Shaders",
			"color" : "parchment",
			"flags" : 4160
		},
		{
			"message" : "browsecollections",
			"label" : "Collections",
			"target" : "owner",
			"icon" : "browser_starred.svg",
			"caption" : "Collections",
			"color" : "parchment",
			"flags" : 4288
		},
		{
			"message" : "browser_objects",
			"label" : "Objects",
			"target" : "owner",
			"icon" : "browser_objects.svg",
			"caption" : "Objects",
			"color" : "parchment",
			"flags" : 4160
		},
		{
			"message" : "reveal_resources",
			"label" : "Reveal 'resources' Folder in Finder",
			"target" : "max"
		}
	],
	"menus" : [
		{
			"id" : "newmenu",
			"label" : "New",
			"navkey" : "N",
			"icon" : "new.svg",
			"tooltip" : "Make new patcher",
			"commands" : [ "newjpatcher", "newproj", "newtext", "newtable", "-", "template" ],
			"defaultcommand" : "newjpatcher"
		},
		{
			"id" : "newtemplatemenu",
			"label" : "New From Template",
			"navkey" : "N",
			"commands" : [ "template" ]
		},
		{
			"id" : "filemenu",
			"label" : "File",
			"navkey" : "F",
			"commands_windows" : [ "newjpatcher", "newtemplatemenu", "newfromclipboard", "newproj", "-", "newtext", "-", "jopen", "openastext", "openrecent", "openrecentproject", "close", "-", "newfilebrowser", "packagebrowser", "-", "allowmod", "-",
							"windsave", "windsaveas", "windsaveasproject", "-", "saveastemplate",
							"savecoll", "-", "exportamxd", "exportimage", "-", "listfiles", "quit" ],
			"commands_mac" : [ "newjpatcher", "newtemplatemenu", "newfromclipboard", "-",  "newproj", "newtext", "-", "jopen", "openastext", "openrecent", "openrecentproject", "close", "-", "newfilebrowser", "packagebrowser", "-", "allowmod", "-",
							"windsave", "windsaveas", "windsaveasproject", "-", "saveastemplate",
							"savecoll", "-", "exportamxd", "exportimage", "-", "listfiles" ],
			"commands_runtime_mac" : [ "runtime_newtext", "jopen", "close", "-", "windsave", "windsaveas", "-", "midisetup" ],
			"commands_runtime_windows" : [ "newtext", "jopen", "close", "-", "windsave", "windsaveas", "-", "midisetup", "-", "quit" ]
		},
		{
			"id" : "customfilemenu",
			"label" : "File",
			"navkey" : "F",
			"commands" : [ "customnew", "customopen", "close", "-", "customsave", "customsaveas", "-", "backtomax" ],
			"commands_runtime_mac" : [ "customnew", "customopen", "close", "-", "customsave", "customsaveas" ],
			"commands_runtime_windows" : [ "customnew", "customopen", "close", "-", "customsave", "customsaveas", "-", "quit" ]
		},
		{
			"id" : "customeditmenu",
			"label" : "Edit",
			"navkey" : "E",
			"commands" : [ "undo", "redo", "-", "cut", "copy", "paste", "clr", "-", "overdrive", "stopscheduler", "resume" ]
		},
		{
			"id" : "editmenu",
			"label" : "Edit",
			"navkey" : "E",
			"commands" : [ "undo", "redo", "-", "cut", "copy", "copycompressed", "paste", "clr", "-", "dup", "selectall", "pastepic", "pastereplace", "-",
							"encapsulate", "deencapsulate", "-", "find", "findnext", "findprev", "-", "stopscheduler", "resume" ],
			"commands_runtime" : [ "undo", "redo", "-", "cut", "copy", "paste", "clr", "-", "overdrive", "stopscheduler", "resume" ]
		},
		{
			"id" : "viewmenu",
			"label" : "View",
			"navkey" : "V",
			"commands" : [ "newview", "-", "edit", "presentation", "-", "dialog", "showparameters", "-", "zoomin", "zoomout", "showat100percent", "-",
					"grid", "-", "patcherdrawer", "showtoolbar", "-", "showconnections", "showfg", "showbg", "lockbg", "-","showcpuusage","-",
							"initialposition", "defineinitialposition", "clearinitialposition" ]
		},
		{
			"id" : "objectmenu",
			"label" : "Object",
			"navkey" : "O",
			"commands" : [ "showfontpanel", "fixwidth", "-", "wobjectname", "dialogsidebar", "colorpopup", "setdefaults", "-", "hide", "show", "-",
						"ignoreclick", "respondtoclick", "-", "addtopresentation", "removefrompresentation", "-", "sendmessage", "-",
						"saveprototype" , "prototype" ]
		},
		{
			"id" : "alignmenu",
			"label" : "Align",
			"commands" : [
					"align_left", "align_center", "align_right", "-",
					"align_top", "align_middle", "align_bottom" ]
		},
		{
			"id" : "distributemenu",
			"label" : "Distribute",
			"commands" : [ "distribute_horizontally", "distribute_vertically" ]
		},
		{
			"id" : "arrangemenu",
			"label" : "Arrange",
			"navkey" : "A",
			"commands" : [  "bfront", "forward", "back", "backward", "-", "align_auto", "alignmenu", "distributemenu", "-", "scalespace", "scale", "-", "snaptoobjects", "snaptogrid", "-", "route", "lineupconnections", "removesegments", "-", "includebg", "excludebg"]
		},
		{
			"id" : "optionsmenu",
			"label" : "Options",
			"navkey" : "p",
			"commands_mac" : [ "overdrive", "autofixwidth", "segpatchcords", "assistance",
						"helpinlockedpatchers", "-", "midisetup", "dspstatus", "glstatus", "-", "filepreferences" ],
			"commands_windows" : [ "overdrive", "autofixwidth", "segpatchcords", "assistance",
						"helpinlockedpatchers", "-", "midisetup", "dspstatus", "glstatus", "-",  "preferences", "defaults", "filepreferences" ]
		},
		{
			"id" : "debugmenu",
			"label" : "Debug",
			"navkey" : "D",
			"commands" : [ "traceenable", "showdebugger", "showwiretaps", "-", "probeenable", "showmatrixprobe", "-", "tracestep", "tracepause", "tracecontinue", "traceabort", "traceautostep", "-", "addwiretap", "addbreakpoint",
							"disablewiretap", "removewiretap",  "removeallwiretaps" ,"-","lineenable","linedisable"]
		},
		{
			"id" : "windowmenu",
			"label_mac" : "Window",
			"label_windows" : "Window",
			"navkey" : "W",
			"commands_windows" : [ "minimizeall", "restoreall", "sendwindowtoback", "hidesubs", "-", "bringalltofront", "-", "maxwindow", "openmaxwindowsidebar", "magnifier", "showclue", "window" ],
			"commands_mac" : [ "minimize", "zoomwindow", "sendwindowtoback", "hidesubs", "-", "bringalltofront", "-", "maxwindow", "openmaxwindowsidebar", "magnifier", "showclue", "window" ],
			"commands_runtime_windows" : [ "minimizeall", "restoreall", "sendwindowtoback", "-", "bringalltofront", "-", "maxwindow", "window" ],
			"commands_runtime_mac" : [ "minimize", "zoomwindow", "sendwindowtoback", "-", "bringalltofront", "-", "maxwindow", "window" ]
		},
		{
			"id" : "extrasmenu",
			"label" : "Extras",
			"navkey" : "x",
			"commands" : [ "extra" ]
		},
		{
			"id" : "helpmenu",
			"label" :  "Help",
			"navkey" : "H",
			"commands_mac" : ["showauthorizationwindow", "supportpage", "communitypage", "forcestartuptour", "-", "help", "reference", "-", "example", "-", "doctesting", "reveal_resources"],
			"commands_windows" : ["showauthorizationwindow", "supportpage", "communitypage", "forcestartuptour", "-", "help", "reference", "-", "example", "-", "doctesting", "about"],
			"commands_runtime_mac" : [ "help" ],
			"commands_runtime_windows" : [ "help", "-", "about"]
		},
		{
			"id" : "customhelpmenu",
			"label" : "Help",
			"navkey" : "H",
			"commands_mac" : [ "help" ],
			"commands_windows" : [ "help", "-", "customabout"]
		},
		{
			"id" : "applmenu",
			"label" : "<apple>",
			"commands_mac" : [ "about" , "-", "preferences" ],
			"commands_runtime_mac" : [ "about"]
		},
		{
			"id" : "customapplmenu",
			"label" : "<apple>",
			"commands_mac" : [ "customabout" ]
		},
		{
			"id" : "runtime_applmenu",
			"label" : "<apple>",
			"commands_mac" : ["about" ]
		},
		{
			"id" : "linecontextmenu",
			"label" : "Line",
			"commands" : ["clr","lineup","route","removesegments","-","addwiretap","addbreakpoint","removewiretap","showwatchpoints","-","lineenable","linedisable", "-", "colorpopup" ]
		},
		{
			"id" : "boxcontextmenu",
			"label" : "Box",
			"commands" : ["help", "reference", "-", "cut","copy","copycompressed","contextualpaste","clr", "selectconnected","-","pastereplace","dialogsidebar","bfront", "back","addtopresentation","removefrompresentation","-","saveprototype","prototype2","clientcontext","-","savesnippet","findsnippet"]
		},
		{
			"id" : "multiboxcontextmenu",
			"label" : "Multibox",
			"commands" : ["cut","copy","copycompressed","contextualpaste","clr","-","pastereplace", "align_auto", "alignmenu", "distributemenu", "lineupconnections", "forward", "bfront", "backward", "back","addtopresentation","removefrompresentation", "prototype3","-","savesnippet","findsnippet"]
		},
		{
			"id" : "multilinecontextmenu",
			"label" : "Multiline",
			"commands" : ["clr","lineup","route","removesegments","-","addwiretap","addbreakpoint", "removewiretap","showwatchpoints", "-","lineenable","linedisable", "-", "colorpopup"]
		},
		{
			"id" : "patchercontextmenu_box",
			"label" : "Patcher",
			"commands" : ["edit","-","subwindow","-","contextualpaste","-","clearsomespace","selectall","dialog","showparameters","pastefrom_box"]
		},
		{
			"id" : "patchercontextmenu_dsp.gen",
			"label" : "Patcher",
			"commands" : ["edit","-","subwindow","-","contextualpaste","-","clearsomespace","selectall","dialog","showparameters","pastefrom_dsp.gen"]
		},
		{
			"id" : "patchercontextmenu_jit.gen",
			"label" : "Patcher",
			"commands" : ["edit","-","subwindow","-","contextualpaste","-","clearsomespace","selectall","dialog","showparameters","pastefrom_jit.gen"]
		},
		{
			"id" : "lockedpatchercontextmenu",
			"label" : "Patcher",
			"commands" : ["edit","-","subwindow2"]
		},
		{
			"id" : "skinmenu",
			"label" : "Load Settings",
			"icon" : "load.svg",
			"commands" : [ "loadskin" ]
		},
		{
			"id" : "tutorialsmenu",
			"label" : "Tutorials",
			"commands" : [ "maxindex", "mspindex", "jitindex" ]
		},
		{
			"id" : "inspector_gearmenu",
			"label" : "Modify Selected Item",
			"commands" : [ "copyattribute", "revert", "setdefault", "setfrozen" ],
			"icon" : "gear.svg"
		},
		{
			"id" : "explorer_gearmenu",
			"label" : "Explorer Settings",
			"commands" : [ "explorer_option_createobjectbox", "explorer_option_hideaftercreate", "explorer_option_movebelowtarget", "explorer_option_listexamples", "-", "iconzoomin", "iconzoomout" ],
			"icon" : "gear.svg"
		},
		{
			"id" : "patchernavmenu",
			"label" : "Patcher Windows",
			"commands" : [ "newview", "-", "openoriginal", "-", "openparents" ],
			"icon" : "patcherwindows.svg"
		},
		{
			"id" : "genpatchernavmenu",
			"label" : "Patcher Windows",
			"commands" : [ "newview", "-", "openparents" ],
			"icon" : "patcherwindows.svg"
		},
		{
			"id" : "windowstraymenu",
			"label" : "Windows Tray Menu",
			"commands" : [ "maxwindow", "bringalltofront", "quit" ]
		},
		{
			"id" : "filebrowserdummymenu",
			"label" : "filebrowserdummy",
			"commands" : ["savequery","updatequery","deletequery","showpreview","revealinfinder","editmetadata","newproject"]
		},
		{
			"id" : "metadatadummymenu",
			"label" : "metadatadummy",
			"commands" : ["addmetadata","deletemetadata"]
		},
		{
			"id" : "connectmenu",
			"label" : "Inlets",
			"caption" : "Connect",
			"commands" : ["connectinlet", "-", "outletheader", "connectoutlet"]
		},
		{
			"id" : "emptymenu",
			"label" : "Empty",
			"commands" : ["quit"]
		},
		{
			"id" : "modifymenu",
			"label" : "Object",
			"tooltip" : "Object",
			"commands" : ["quickref_attribute", "quickref_message", "objectfiles", "objectprototypes", "transform", "dialogsidebar", "styles", "help", "reference", "editobject", "objectspecific", "ownerspecific"]
		},
		{
			"id" : "messagemenu",
			"label" : "Messages",
			"tooltip" : "Messages",
			"commands" : ["quickref_message"]
		},
		{
			"id" : "wheelprefmenu",
			"label" : "Preferences",
			"tooltip" : "Preferences",
			"commands" : ["bigwheel", "buttonfirst"]
		},
		{
			"id" : "addprojectitem",
			"label" : "Add File To Project",
			"tooltip" : "Add File To Project",
			"commands" : [ "addexistingfile", "addnewfile" ],
			"icon" : "plus.svg"
		},
		{
			"id" : "manageprojectmenu",
			"label" : "Manage Project",
			"tooltip" : "Manage Project",
			"commands" : [ "consolidate", "snapshot", "deconsolidate", "savecoll", "exportamxd" ],
			"icon" : "package.svg"
		},
		{
			"id" : "projectsettingsmenu",
			"label" : "Project Settings",
			"tooltip" : "Project Settings",
			"commands" : [ "showprojectinspector", "projectsearchpaths", "showopenactions", "choosecoverimage" ],
			"icon" : "gear.svg"
		},
		{
			"id" : "tab_actionmenu",
			"label" : "Help Actions",
			"tooltip" : "Help Actions",
			"commands" : ["tab_openreference", "-", "tab_seealso"]
		},
		{
			"id" : "message_menu",
			"label" : "Message",
			"commands" : ["addmessage"],
			"icon" : "message.svg",
			"defaultcommand" : "message",
			"flags" : 12
		},
		{
			"id" : "object_menu",
			"label" : "Object",
			"commands" : ["addobject"],
			"icon" : "newobj.svg",
			"defaultcommand" : "newobj",
			"flags" : 12
		},
		{
			"id" : "boxinletmenu",
			"label" : "Inlet",
			"commands" : ["quickref_attribute", "quickref_message"]
		},
		{
			"id" : "dummymenu",
			"label" : "dummy",
			"commands" : ["penciltool", "linetool", "selecttool", "handtool", "sortbytime", "removeattr", "addattr", "reveal", "attr_reveal", "revert",
				"freeze", "unfreeze","reveal_sender","reveal_receiver","dialog_sender","dialog_receiver","browser_fwd", "browser_back",
				"addattr_single", "removeattr_single", "saveskin","listpaths","addpath","removepath","showattrs","driversetup","iomap","maxclearall",
				"defaultdefaults","browser_home","browser_related", "browser_web", "livepreview", "freezedevice","showheader",
				"refbar_ref", "refbar_help", "refbar_back", "refbar_fwd",
				"resolveconflicts", "addfiledependency", "addfolderdependency", "removedependency", "updatedependencies", "showobjects" ,
				"showfoldercontents", "listconflicts", "refreshconflicts", "definedevicewidth", "cleardevicewidth", "gencode", "compile", "build",
				"build_autocompile", "minimixer", "audiopower", "addrow", "removerow", "addcol", "deletecol", "colmode", "hiddendata", "showdetails", "iconzoomin", "iconzoomout", "showonlyerrors",
				"showattrdetails", "makeselectedattr", "attr_ref", "tab_openreference", "tab_seealso", "showitemdetails", "listkeycommands",
				"showprefsfolder", "audiomute", "audiosolo", "autostop" ]
		}
	],
	"menubar" : {
		"id" : "main",
		"menus_mac" : [ "applmenu", "filemenu", "editmenu", "viewmenu", "objectmenu", "arrangemenu", "optionsmenu", "debugmenu", "windowmenu", "extrasmenu", "helpmenu" ],
		"menus_windows" : [ "filemenu", "editmenu", "viewmenu", "objectmenu", "arrangemenu", "optionsmenu", "debugmenu", "extrasmenu", "windowmenu", "helpmenu" ],
		"menus_runtime_mac" : [ "applmenu", "filemenu", "editmenu", "windowmenu", "helpmenu" ],
		"menus_runtime_windows" : [ "filemenu", "editmenu", "windowmenu", "helpmenu" ],
		"menus_menubar_mac" : [ "customapplmenu", "customfilemenu", "customeditmenu" ],
		"menus_menubar_windows" : [ "customfilemenu", "customeditmenu" ],
		"postcircular" : [ "modifymenu" ]
	},

	"toolbars" : [
		{
			"id" : "patchereditor",
			"commands" : [ "edit", "allowmod", "freezedevice", "resolveconflicts", " ", "patchernavmenu", " ", "presentation", " ", "grid", " ", "showproject", "build_reset", "compile", "build_autocompile", "savefavorite", " ", "traceenable", " ", "transport", "--",
				"livepreview", " ", "audiomute", "audiosolo", "audiopowerctrl"],
			"flags" : 1
		},
		{
			"id" : "maxwindow",
			"commands" : [ "maxclearall", " ", "showonlyerrors", " ", "reveal" ]
		},
		{
			"id" : "browserwindow",
			"commands" : [ "savequery", "updatequery", "deletequery", " ", "editmetadata", " ", "showpreview", " ", "revealinfinder" ]
		},
		{
			"id" : "metadatawindow",
			"commands" : [ "addmetadata", "deletemetadata" ]
		},
		{
			"id" : "tablewindow",
			"commands" : [ "penciltool", " ", "linetool", " ", "selecttool" ]
		},
		{
			"id" : "detonatewindow",
			"commands" : [ "penciltool", " ", "changetool", " ", "selecttool" ]
		},
		{
			"id" : "inspectorwindow",
			"commands" : ["inspector_gearmenu", " ", "showattrs", "showheader", " ", "freeze", " ", "makeselectedattr", " ", "attr_ref", "attr_reveal" ]
		},
		{
			"id" : "inspectorwindow_top",
			"commands" : [" ", "title", "sidebarpatcherinspector", "--", "sidebarsearchbar", ":", "closesidebar" ]
		},
		{
			"id" : "refbarwindow_top",
			"commands" : [" ", "title", "--", "sidebarsearchbar", ":", "closesidebar" ]
		},
		{
			"id" : "maxwindow_top",
			"commands" : [" ", "title", "--", "closesidebar" ]
		},
		{
			"id" : "lessonbrowser_top",
			"commands" : [" ", "title", "--", "closesidebar" ]
		},
		{
			"id" : "snapshotwindow_top",
			"commands" : [" ", "title", "sidebarpatchersnapshots", "--", "closesidebar" ]
		},
		{
			"id" : "patcherinspector",
			"commands" : ["inspector_gearmenu", " ", "showattrs" ]
		},
		{
			"id" : "preferenceswindow",
			"commands" : ["inspector_gearmenu", " ", "showattrs", " ", "showprefsfolder" ]
		},
		{
			"id" : "filepreferenceswindow",
			"commands" : [ "addpath", " ", "removepath", " ", "listpaths", " ", "revealinfinder" ]
		},
		{
			"id" : "defaultswindow",
			"commands" : [ "skinmenu", " ", "saveskin" , " ", "defaultdefaults"]
		},
		{
			"id" : "debugwindow",
			"commands" : [ "tracepause", "tracecontinue", " ", "tracestep", " ", "traceabort", " ", "dialog_sender", "reveal_sender", " ", "dialog_receiver", "reveal_receiver" ]
		},
		{
			"id" : "docwindow",
			"commands" : [ "browser_back", "browser_fwd", " ", "browser_home", " ", "browser_web" ]
		},
		{
			"id" : "unibrowser",
			"commands" : [ "browser_home" ]
		},
		{
			"id" : "refbarwindow",
			"commands" : [ "refbar_back", "refbar_fwd"," ", "refbar_ref", "refbar_help" ]
		},
		{
			"id" : "lessonwindow",
			"commands" : [ " ", "autostop", " ", "showanswer" ]
		},
		{
			"id" : "lessonbrowserwindow",
			"commands" : [" ", "searchlessons", "--" ]
		},
		{
			"id" : "snapshotwindow",
			"commands" : [ "snapshotwindowrestore", "snapshotwindowsnapshot", "snapshotwindowaddsnapshot", "snapshotwindoweditsnapshot", "snapshotwindowdeletesnapshot", "--", "embedsnapshot" ]
		},
		{
			"id" : "dependencieswindow",
			"commands" : [ "addfiledependency", "addfolderdependency","removedependency", " ", "showobjects", "showfoldercontents", " ", "updatedependencies", " ", "revealinfinder" ]
		},
		{
			"id" : "resolveconflictswindow",
			"commands" : [ "listconflicts", " ", "refreshconflicts", " ", "revealinfinder" ]
		},
		{
			"id" : "dspstatuswindow",
			"commands" : [ "driversetup", " ", "iomap" ]
		},
		{
			"id" : "patcherbuilder",
			"commands" : [ "edit", " ", "presentation", " ", "forward", "backward", " ", "grid",
				" ", "gencode", "compile", "build"]
		},
		{
			"id" : "colleditor",
			"commands" : [ "addrow", "removerow", " ", "addcol", "deletecol", " ", "colmode", "hiddendata" ]
		},
		{
			"id" : "explorerwindow",
			"commands" : [ "explorer_gearmenu", " ", "viewbyicon", "viewbyname", " ", "showdetails", " ", "makeone", " ", "help", "reference" ]
		},
		{
			"id" : "parameterwindow",
			"commands" : [ " "]
		},
		{
			"id" : "projectwindow",
			"commands" : [ "addprojectitem", " ", "showitemdetails", " ", "showprojectfolder", " ", "manageprojectmenu", "projectsettingsmenu", "reloadproject" ]
		},
		{
			"id" : "left_patcher",
			"commands" : [ "--", "omnibrowser", ":", "browser_objects", ":", "browser_audio", ":", "browser_video", ":", "browser_images", ":", "browser_snippet", ":", "browser_plugin", ":", "browsevizzie", ":", "browsebeap", ":", "browsecollections", ":", "browsegenop_dsp", "browsegenop_jit", ":", "browsegendsp", "browsegenjit", "--" ]
		},
		{
			"id" : "right_patcher",
			"commands" : [ "--", "calendar", " ", "codesidebar", " ", "dialogsidebar", " ", "openreferencesidebar", " ", "openmaxwindowsidebar", " ", "lessonbrowser", " ", "showsnapshots", "--", "mixerslider" ]
		},
		{
			"id" : "top_patcher",
			"commands" : [ "viewzoom", "object_menu", "message_menu", "comment", "toggle", "panel", "codebox", "button", "number", "slider",  "live.dial", "other", " ", "formatpalette", "--", "searchbar", " ", " "]
		}
	],

	"toolbargroups" : [
		{
			"id" : "patchereditor",
			"toolbar" : "patchereditor",
			"toptoolbar" : "top_patcher",
			"lefttoolbar" : "left_patcher",
			"righttoolbar" : "right_patcher"
		},
		{
			"id" : "projectpatcher",
			"toolbar" : "patchereditor",
			"toptoolbar" : "top_patcher",
			"lefttoolbar" : "left_patcher",
			"righttoolbar" : "right_patcher"
		},
		{
			"id" : "unibrowser",
			"toptoolbar" : "unibrowser"
		},
		{
			"id" : "inspector",
			"toptoolbar" : "inspectorwindow_top",
			"toolbar" : "inspectorwindow"
		},
		{
			"id" : "refbar",
			"toptoolbar" : "refbarwindow_top",
			"toolbar" : "refbarwindow"
		},
		{
			"id" : "maxconsole",
			"toptoolbar" : "maxwindow_top",
			"toolbar" : "maxwindow"
		},
		{
			"id" : "lessons",
			"toptoolbar" : "lessonbrowser_top",
			"toolbar" : "lessonbrowserwindow"
		},
		{
			"id" : "snapshots",
			"toptoolbar" : "snapshotwindow_top",
			"toolbar" : "snapshotwindow"
		},
		{
			"id" : "liveeditor9",
			"toolbar" : "patchereditor",
			"toptoolbar" : "top_patcher",
			"lefttoolbar" : "left_patcher",
			"righttoolbar" : "right_patcher"
		}
	],
	"commandgroups" : [
		{
			"id" : "patchereditor_hidden",
			"commands" : [ "allowmod", "freezedevice", "resolveconflicts", "livepreview", "build_reset", "compile", "build_autocompile", "browser_shader", "codesidebar", "showproject", "browsegenop_dsp", "browsegenop_jit", "panel", "codebox"]
		},
		{
			"id" : "readonlypatcher_hidden",
			"commands" : [ "edit", "listkeycomands", "dialogsidebar", "traceenable", "grid", "openreferencesidebar", "object_menu", "message_menu", "comment", "toggle", "button", "number", "slider", "panel", "codebox", "live.dial", "other", "formatpalette", "browser_objects", "browser_shader", "browser_snippet", "browsebeap", "browsevizzie", "browsegenop_dsp", "browsegenop_jit", "browsegendsp", "browsegenjit"]
		},
		{
			"id" : "readonlypatcher",
			"commands" : [ "allowmod" ]
		},
		{
			"id" : "projecteditor",
			"commands" : ["showproject"]
		},
		{
			"id" : "liveeditor",
			"commands" : ["freezedevice", "resolveconflicts", "livepreview"]
		},
		{
			"id" : "geneditor_dsp.gen",
			"commands" : ["build_reset", "compile", "build_autocompile", "browsegenop_dsp", "browsegendsp", "codesidebar", "panel", "codebox"]
		},
		{
			"id" : "geneditor_jit.gen",
			"commands" : ["build_reset", "compile", "build_autocompile", "browsegenop_jit", "browsegenjit", "codesidebar", "panel", "codebox"]
		},
		{
			"id" : "geneditor_hidden",
			"commands" : ["presentation", "traceenable", "transport", "audiomute", "audiosolo", "audiopowerctrl", "browser_objects", "browser_audio", "browser_video", "browser_images", "browser_plugin", "browser_shader", "browsevizzie", "browsebeap", "browsecollections", "message_menu", "toggle", "button", "number", "slider",  "live.dial", "other", "mixerslider", "browsegenop_jit", "browsegenjit", "browsegenop_dsp", "browsegendsp"]
		},
		{
			"id" : "default_excluded",
			"commands" : [ "transport", "audiosolo", "audiomute", "browsegenop_dsp", "browsegendsp",  "browsegenop_jit", "browsegenjit"]
		}

	],
	"controls" : [
		{
			"id" : "mixerslider",
			"label" : "Audio Meter / Gain",
			"classname" : "toolbarmeterslider",
			"updatemessage" : "mixerupdate",
			"target" : "owner",
			"length" : 110,
			"minlength" : 80,
			"initial" : 0,
			"min" : 0,
			"max" : 127,
			"enabler" : "mixersliderenabler",
			"flags" : 0
		},
		{
			"id" : "viewzoom",
			"label" : "Zoom",
			"classname" : "viewzoommenu",
			"target" : "owner",
			"length" : 66,
			"minlength" : 58,
			"initial" : 3,
			"min" : 0,
			"max" : 10,
			"enabler" : "viewzoomenabler",
			"flags" : 0
		},
		{
			"id" : "transport",
			"label" : "Global Transport",
			"classname" : "toolbartransport",
			"target" : "owner",
			"length" : 35,
			"minlength" : 35,
			"initial" : 0,
			"min" : 0,
			"max" : 1,
			"enabler" : "transportenabler",
			"flags" : 0
		},
		{
			"id" : "searchbar",
			"label" : "Search Documentation",
			"classname" : "toolbarsearchbar",
			"target" : "owner",
			"length" : 160,
			"minlength" : 110,
			"initial" : 0,
			"min" : 0,
			"max" : 1,
			"enabler" : "searchbarenabler",
			"flags" : 0
		},
		{
			"id" : "sidebarsearchbar",
			"label" : "Filter",
			"classname" : "toolbarsearchbar",
			"target" : "owner",
			"length" : 160,
			"minlength" : 110,
			"initial" : 0,
			"min" : 0,
			"max" : 1,
			"enabler" : "sidebarsearchbarenabler",
			"flags" : 0
		},
 		{
			"id" : "calendar",
			"label" : "Calendar",
			"classname" : "toolbarcalendar",
			"target" : "owner",
			"length" : 25,
			"minlength" : 25,
			"initial" : 0,
			"min" : 0,
			"max" : 1,
			"enabler" : "calendarenabler",
			"flags" : 0
		},
		{
			"id" : "title",
			"label" : "",
			"classname" : "toolbartitle",
			"target" : "owner",
			"length" : 200,
			"minlength" : 35,
			"initial" : 0,
			"min" : 0,
			"max" : 1,
			"enabler" : "titleenabler",
			"flags" : 0
		},
		{
			"id" : "embedsnapshot",
			"label" : "Embed Snapshot",
			"classname" : "toolbarembedsnapshot",
			"target" : "owner",
			"length" : 160,
			"minlength" : 1,
			"initial" : 0,
			"min" : 0,
			"max" : 1,
			"enabler" : "embedsnapshotenabler",
			"flags" : 0
		},
		{
			"id" : "audiopowerctrl",
			"label" : "Audio On/Off",
			"classname" : "toolbaraudiopower",
			"target" : "owner",
			"length" : 30,
			"minlength" : 30,
			"initial" : 0,
			"min" : 0,
			"max" : 1,
			"enabler" : "audiopowerenabler",
			"flags" : 0
		}
	]
}
}
